{
    "Body0Fixture" : {
        "DataType" : "Fixture",
        "FixtureShape" : {
            "Type" : "PolygonShape",
            "Vertices" : [
                [
                    -4.877120935677447,
                    7.478996751208657
                ],
                [
                    4.877120935677447,
                    7.478996751208657
                ],
                [
                    4.877120935677447,
                    -7.478996751208657
                ],
                [
                    -4.877120935677447,
                    -7.478996751208657
                ]
            ]
        },
        "Friction" : 0.1,
        "Density" : 5.0,
        "Restitution" : 0.0,
        "MaskBits" : 1,
        "CategoryBits" : 32
    },
    "Body1Fixture" : {
        "DataType" : "Fixture",
        "FixtureShape" : {
            "Type" : "PolygonShape",
            "Vertices" : [
                [
                    -4.877120935677447,
                    7.478996751208657
                ],
                [
                    4.877120935677447,
                    7.478996751208657
                ],
                [
                    4.877120935677447,
                    -7.478996751208657
                ],
                [
                    -4.877120935677447,
                    -7.478996751208657
                ]
            ]
        },
        "Friction" : 0.1,
        "Density" : 5.0,
        "Restitution" : 0.0,
        "MaskBits" : 1,
        "CategoryBits" : 32
    },
    "HullFixture" : {
        "DataType" : "Fixture",
        "FixtureShape" : {
            "Type" : "PolygonShape",
            "Vertices" : [
                [
                    -4.877120935677447,
                    7.478996751208657
                ],
                [
                    4.877120935677447,
                    7.478996751208657
                ],
                [
                    4.877120935677447,
                    -7.478996751208657
                ],
                [
                    -4.877120935677447,
                    -7.478996751208657
                ]
            ]
        },
        "Friction" : 0.1,
        "Density" : 5.0,
        "Restitution" : 0.0,
        "MaskBits" : 1,
        "CategoryBits" : 32
    },
    "Body3Fixture" : {
        "DataType" : "Fixture",
        "FixtureShape" : {
            "Type" : "PolygonShape",
            "Vertices" : [
                [
                    -4.877120935677447,
                    7.0
                ],
                [
                    4.877120935677447,
                    5.833333333333333
                ],
                [
                    4.877120935677447,
                    -7.478996751208657
                ],
                [
                    -4.877120935677447,
                    -7.478996751208657
                ]
            ]
        },
        "Friction" : 0.1,
        "Density" : 5.0,
        "Restitution" : 0.0,
        "MaskBits" : 1,
        "CategoryBits" : 32
    },
    "Body4Fixture" : {
        "DataType" : "Fixture",
        "FixtureShape" : {
            "Type" : "PolygonShape",
            "Vertices" : [
                [
                    -4.877120935677447,
                    5.833333333333333
                ],
                [
                    4.877120935677447,
                    4.666666666666666
                ],
                [
                    4.877120935677447,
                    -7.478996751208657
                ],
                [
                    -4.877120935677447,
                    -7.478996751208657
                ]
            ]
        },
        "Friction" : 0.1,
        "Density" : 5.0,
        "Restitution" : 0.0,
        "MaskBits" : 1,
        "CategoryBits" : 32
    },
    "Body5Fixture" : {
        "DataType" : "Fixture",
        "FixtureShape" : {
            "Type" : "PolygonShape",
            "Vertices" : [
                [
                    -4.877120935677447,
                    4.666666666666666
                ],
                [
                    4.877120935677447,
                    3.5
                ],
                [
                    4.877120935677447,
                    -7.478996751208657
                ],
                [
                    -4.877120935677447,
                    -7.478996751208657
                ]
            ]
        },
        "Friction" : 0.1,
        "Density" : 5.0,
        "Restitution" : 0.0,
        "MaskBits" : 1,
        "CategoryBits" : 32
    },
    "LegFixture" : {
        "DataType" : "Fixture",
        "FixtureShape" : {
            "Type" : "PolygonShape",
            "Vertices" : [
                [
                    -4.579912574700547,
                    -12.819892291713815
                ],
                [
                    4.579912574700547,
                    -12.819892291713815
                ],
                [
                    4.579912574700547,
                    12.819892291713815
                ],
                [
                    -4.579912574700547,
                    12.819892291713815
                ]
            ]
        },
        "Friction" : 0.2,
        "Density" : 1.0,
        "Restitution" : 0.0,
        "MaskBits" : 1,
        "CategoryBits" : 32
    },
    "LowerFixture" : {
        "DataType" : "Fixture",
        "FixtureShape" : {
            "Type" : "PolygonShape",
            "Vertices" : [
                [
                    -3.158149921540184,
                    -15.924918903133849
                ],
                [
                    3.158149921540184,
                    -15.924918903133849
                ],
                [
                    3.158149921540184,
                    15.924918903133849
                ],
                [
                    -3.158149921540184,
                    15.924918903133849
                ]
            ]
        },
        "Friction" : 0.2,
        "Density" : 1.0,
        "Restitution" : 0.0,
        "MaskBits" : 1,
        "CategoryBits" : 32
    },
    "Body0" : {
        "DataType" : "DynamicBody",
        "Position" : [
            54.877120935677446,
            157.4896223896953
        ],
        "Angle" : 0.0,
        "FixtureNames" : [
            "Body0Fixture"
        ],
        "Color1" : [
            0.5,
            0.4,
            0.9
        ],
        "Color2" : [
            0.3,
            0.3,
            0.5
        ],
        "CanTouchGround" : false,
        "InitialForceScale" : 5,
        "ReportState" : false,
        "Depth" : 0
    },
    "Body1" : {
        "DataType" : "DynamicBody",
        "Position" : [
            64.63136280703235,
            157.4896223896953
        ],
        "Angle" : 0.0,
        "FixtureNames" : [
            "Body1Fixture"
        ],
        "Color1" : [
            0.5,
            0.4,
            0.9
        ],
        "Color2" : [
            0.3,
            0.3,
            0.5
        ],
        "CanTouchGround" : false,
        "InitialForceScale" : 5,
        "ReportState" : false,
        "Depth" : 0
    },
    "Hull" : {
        "DataType" : "DynamicBody",
        "Position" : [
            74.38560467838724,
            157.4896223896953
        ],
        "Angle" : 0.0,
        "FixtureNames" : [
            "HullFixture"
        ],
        "Color1" : [
            0.5,
            0.4,
            0.9
        ],
        "Color2" : [
            0.3,
            0.3,
            0.5
        ],
        "CanTouchGround" : false,
        "InitialForceScale" : 5,
        "ReportState" : true,
        "Depth" : 0
    },
    "Body3" : {
        "DataType" : "DynamicBody",
        "Position" : [
            84.13984654974213,
            157.4896223896953
        ],
        "Angle" : 0.0,
        "FixtureNames" : [
            "Body3Fixture"
        ],