{
    "HullFixture" : {
        "DataType" : "Fixture",
        "FixtureShape" : {
            "Type" : "PolygonShape",
            "Vertices" : [
                [
                    -29.66796785081072,
                    8.015729560267932
                ],
                [
                    0,
                    8.015729560267932
                ],
                [
                    29.66796785081072,
                    0
                ],
                [
                    29.66796785081072,
                    -8.015729560267932
                ],
                [
                    -29.66796785081072,
                    -8.015729560267932
                ]
            ]
        },
        "Friction" : 0.1,
        "Density" : 5.0,
        "Restitution" : 0.0,
        "MaskBits" : 1,
        "CategoryBits" : 32
    },
    "LegFixture" : {
        "DataType" : "Fixture",
        "FixtureShape" : {
            "Type" : "PolygonShape",
            "Vertices" : [
                [
                    -3.721851007396695,
                    -15.302613555065086
                ],
                [
                    3.721851007396695,
                    -15.302613555065086
                ],
                [
                    3.721851007396695,
                    15.302613555065086
                ],
                [
                    -3.721851007396695,
                    15.302613555065086
                ]
            ]
        },
        "Friction" : 0.2,
        "Density" : 1.0,
        "Restitution" : 0.0,
        "MaskBits" : 1,
        "CategoryBits" : 32
    },
    "LowerFixture" : {
        "DataType" : "Fixture",
        "FixtureShape" : {
            "Type" : "PolygonShape",
            "Vertices" : [
                [
                    -2.4599305794361572,
                    -18.081803501612747
                ],
                [
                    2.4599305794361572,
                    -18.081803501612747
                ],
                [
                    2.4599305794361572,
                    18.081803501612747
                ],
                [
                    -2.4599305794361572,
                    18.081803501612747
                ]
            ]
        },
        "Friction" : 0.2,
        "Density" : 1.0,
        "Restitution" : 0.0,
        "MaskBits" : 1,
        "CategoryBits" : 32
    },
    "Hull" : {
        "DataType" : "DynamicBody",
        "Position" : [
            79.66796785081073,
            166.76883411335564
        ],
        "Angle" : 0.0,
        "FixtureNames" : [
            "HullFixture"
        ],
        "Color1" : [
            0.5,
            0.4,
            0.9
        ],
        "Color2" : [
            0.3,
            0.3,
            0.5
        ],
        "CanTouchGround" : false,
        "InitialForceScale" : 5,
        "Depth" : 0,
        "ReportState" : true
    },
    "Leg-1" : {
        "DataType" : "DynamicBody",
        "Position" : [
            79.66796785081073,
            151.46622055829056
        ],
        "Angle" : -0.05,
        "FixtureNames" : [
            "LegFixture"
        ],
        "Color1" : [
            0.7,
            0.4,
            0.6
        ],
        "Color2" : [
            0.3,
            0.3,
            0.5
        ],
        "CanTouchGround" : true,
        "ReportState" : true,
        "Depth" : 0
    },
    "Lower-1" : {
        "DataType" : "DynamicBody",
        "Position" : [
            79.66796785081073,
            133.38441705667782
        ],
        "Angle" : -0.05,
        "FixtureNames" : [
            "LowerFixture"
        ],
        "Color1" : [
            0.7,
            0.4,
            0.6
        ],
        "Color2" : [
            0.3,
            0.3,
            0.5
        ],
        "CanTouchGround" : true,
        "ReportState" : true,
        "Depth" : 0
    },
    "Leg1" : {
        "DataType" : "DynamicBody",
        "Position" : [
            79.66796785081073,
            151.46622055829056
        ],
        "Angle" : 0.05,
        "FixtureNames" : [
            "LegFixture"
        ],
        "Color1" : [
            0.4,
            0.2,
            0.4
        ],
        "Color2" : [
            0.3,
            0.3,
            0.5
        ],
        "CanTouchGround" : true,
        "ReportState" : true,
        "Depth" : 1
    },
    "Lower1" : {
        "DataType" : "DynamicBody",
        "Position" : [
            79.66796785081073,
            133.38441705667782
        ],
        "Angle" : 0.05,
        "FixtureNames" : [
            "LowerFixture"
        ],
        "Color1" : [
            0.4,
            0.2,
            0.4
        ],
        "Color2" : [
            0.3,
            0.3,
            0.5
        ],
        "CanTouchGround" : true,
        "ReportState" : true,
        "Depth" : 1
    },
    "HullLeg-1Joint" : {
        "DataType" : "JointMotor",
        "BodyA" : "Hull",
        "BodyB" : "Leg-1",
        "LocalAnchorA" : [
            0,
            -8.015729560267932
        ],
        "LocalAnchorB" : [
            0,
            15.302613555065086
        ],
        "EnableMotor" : true,
        "EnableLimit" : true,
        "MaxMotorTorque" : 80,
        "MotorSpeed" : 1,
        "LowerAngle" : -0.8,
        "UpperAngle" : 1.1,
        "Speed" : 4,
        "ReportState" : true,
        "Depth" : 0
    },
    "Leg-1Lower-1Joint" : {
        "DataType" : "JointMotor",
        "BodyA" : "Leg-1",
        "BodyB" : "Lower-1",
        "LocalAnchorA" : [
            0,
            -15.302613555065086
        ],
        "LocalAnchorB" : [
            0,
            18.081803501612747
        ],
        "EnableMotor" : true,
        "EnableLimit" : true,
        "MaxMotorTorque" : 80,
        "MotorSpeed" : 1,
        "LowerAngle" : -1.6,
        "UpperAngle" : -0.1,
        "Speed" : 6,
        "ReportState" : true,
        "Depth" : 0
    },
    "HullLeg1Joint" : {
        "DataType" : "JointMotor",
        "BodyA" : "Hull",
        "BodyB" : "Leg1",
        "LocalAnchorA" : [
            0,
            -8.015729560267932
        ],
        "LocalAnchorB" : [
            0,
            15.302613555065086
        ],
        "EnableMotor" : true,
        "EnableLimit" : true,
        "MaxMotorTorque" : 80,
        "MotorSpeed" : 1,
        "LowerAngle" : -0.8,
        "UpperAngle" : 1.1,
        "Speed" : 4,
        "ReportState" : true,
        "Depth" : 1
    },
    "Leg1Lower1Joint" : {
        "DataType" : "JointMotor",
        "BodyA" : "Leg1",
        "BodyB" : "Lower1",
        "LocalAnchorA" : [
            0,
            -15.302613555065086
        ],
        "LocalAnchorB" : [
            0,
            18.081803501612747
        ],
        "EnableMotor" : true,
        "EnableLimit" : true,
        "MaxMotorTorque" : 80,
        "MotorSpeed" : 1,
        "LowerAngle" : -1.6,
        "UpperAngle" : -0.1,
        "Speed" : 6,
        "ReportState" : true,
        "Depth" : 1
    }
}