{
    "Body0Fixture" : {
        "DataType" : "Fixture",
        "FixtureShape" : {
            "Type" : "PolygonShape",
            "Vertices" : [
                [
                    -8.30559285420662,
                    7.468512679370132
                ],
                [
                    8.30559285420662,
                    7.468512679370132
                ],
                [
                    8.30559285420662,
                    -7.468512679370132
                ],
                [
                    -8.30559285420662,
                    -7.468512679370132
                ]
            ]
        },
        "Friction" : 0.1,
        "Density" : 5.0,
        "Restitution" : 0.0,
        "MaskBits" : 1,
        "CategoryBits" : 32
    },
    "HullFixture" : {
        "DataType" : "Fixture",
        "FixtureShape" : {
            "Type" : "PolygonShape",
            "Vertices" : [
                [
                    -8.30559285420662,
                    7.0
                ],
                [
                    8.30559285420662,
                    4.666666666666666
                ],
                [
                    8.30559285420662,
                    -7.468512679370132
                ],
                [
                    -8.30559285420662,
                    -7.468512679370132
                ]
            ]
        },
        "Friction" : 0.1,
        "Density" : 5.0,
        "Restitution" : 0.0,
        "MaskBits" : 1,
        "CategoryBits" : 32
    },
    "Body2Fixture" : {
        "DataType" : "Fixture",
        "FixtureShape" : {
            "Type" : "PolygonShape",
            "Vertices" : [
                [
                    -8.30559285420662,
                    4.666666666666666
                ],
                [
                    8.30559285420662,
                    2.333333333333333
                ],
                [
                    8.30559285420662,
                    -7.468512679370132
                ],
                [
                    -8.30559285420662,
                    -7.468512679370132
                ]
            ]
        },
        "Friction" : 0.1,
        "Density" : 5.0,
        "Restitution" : 0.0,
        "MaskBits" : 1,
        "CategoryBits" : 32
    },
    "LegFixture" : {
        "DataType" : "Fixture",
        "FixtureShape" : {
            "Type" : "PolygonShape",
            "Vertices" : [
                [
                    -3.206495954340075,
                    -20.638936791569026
                ],
                [
                    3.206495954340075,
                    -20.638936791569026
                ],
                [
                    3.206495954340075,
                    20.638936791569026
                ],
                [
                    -3.206495954340075,
                    20.638936791569026
                ]
            ]
        },
        "Friction" : 0.2,
        "Density" : 1.0,
        "Restitution" : 0.0,
        "MaskBits" : 1,
        "CategoryBits" : 32
    },
    "LowerFixture" : {
        "DataType" : "Fixture",
        "FixtureShape" : {
            "Type" : "PolygonShape",
            "Vertices" : [
                [
                    -3.357057728898223,
                    -17.2718256982438
                ],
                [
                    3.357057728898223,
                    -17.2718256982438
                ],
                [
                    3.357057728898223,
                    17.2718256982438
                ],
                [
                    -3.357057728898223,
                    17.2718256982438
                ]
            ]
        },
        "Friction" : 0.2,
        "Density" : 1.0,
        "Restitution" : 0.0,
        "MaskBits" : 1,
        "CategoryBits" : 32
    },
    "Body0" : {
        "DataType" : "DynamicBody",
        "Position" : [
            58.30559285420663,
            175.82152497962565
        ],
        "Angle" : 0.0,
        "FixtureNames" : [
            "Body0Fixture"
        ],
        "Color1" : [
            0.5,
            0.4,
            0.9
        ],
        "Color2" : [
            0.3,
            0.3,
            0.5
        ],
        "CanTouchGround" : false,
        "InitialForceScale" : 5,
        "ReportState" : false,
        "Depth" : 0
    },
    "Hull" : {
        "DataType" : "DynamicBody",
        "Position" : [
            74.91677856261987,
            175.82152497962565
        ],
        "Angle" : 0.0,
        "FixtureNames" : [
            "HullFixture"
        ],
        "Color1" : [
            0.5,
            0.4,
            0.9
        ],
        "Color2" : [
            0.3,
            0.3,
            0.5
        ],
        "CanTouchGround" : false,
        "InitialForceScale" : 5,
        "ReportState" : true,
        "Depth" : 0
    },
    "Body2" : {
        "DataType" : "DynamicBody",
        "Position" : [
            91.52796427103311,
            175.82152497962565
        ],
        "Angle" : 0.0,
        "FixtureNames" : [
            "Body2Fixture"
        ],
        "Color1" : [
            0.5,
            0.4,
            0.9
        ],
        "Color2" : [
            0.3,
            0.3,
            0.5
        ],
        "CanTouchGround" : false,
        "InitialForceScale" : 5,
        "ReportState" : false,
        "Depth" : 0
    },
    "Leg-1" : {
        "DataType" : "DynamicBody",
        "Position" : [
            74.91677856261987,
            155.18258818805663
        ],
        "Angle" : -0.05,
        "FixtureNames" : [
            "LegFixture"
        ],
        "Color1" : [
            0.7,
            0.4,
            0.6
        ],
        "Color2" : [
            0.3,
            0.3,
            0.5
        ],
        "CanTouchGround" : true,
        "ReportState" : true,
        "Depth" : 0
    },
    "Lower-1" : {
        "DataType" : "DynamicBody",
        "Position" : [
            74.91677856261987,
            137.91076248981284
        ],
        "Angle" : -0.05,
        "FixtureNames" : [
            "LowerFixture"
        ],
        "Color1" : [
            0.7,
            0.4,
            0.6
        ],
        "Color2" : [
            0.3,
            0.3,
            0.5
        ],
        "CanTouchGround" : true,
        "ReportState" : true,
        "Depth" : 0
    },
    "Leg1" : {
        "DataType" : "DynamicBody",
        "Position" : [
            74.91677856261987,
            155.18258818805663
        ],
        "Angle" : 0.05,
        "FixtureNames" : [
            "LegFixture"
        ],
        "Color1" : [
            0.4,
            0.2,
            0.4
        ],
        "Color2" : [
            0.3,
            0.3,
            0.5
        ],
        "CanTouchGround" : true,
        "ReportState" : true,
        "Depth" : 1
    },
    "Lower1" : {
        "DataType" : "DynamicBody",
        "Position" : [
            74.91677856261987,
            137.91076248981284
        ],
        "Angle" : 0.05,
        "FixtureNames" : [
            "LowerFixture"
        ],
        "Color1" : [
            0.4,
            0.2,
            0.4
        ],
        "Color2" : [
            0.3,
            0.3,
            0.5
        ],
        "CanTouchGround" : true,
        "ReportState" : true,
        "Depth" : 1
    },
    "Body0HullJoint" : {
        "DataType" : "JointMotor",
        "BodyA" : "Body0",
        "BodyB" : "Hull",
        "LocalAnchorA" : [
            8.30559285420662,
            0
        ],
        "LocalAnchorB" : [
            -8.30559285420662,
            0
        ],
        "EnableMotor" : false,
        "EnableLimit" : true,
        "MaxMotorTorque" : 80,
        "MotorSpeed" : 0.0,
        "LowerAngle" : -0.5,
        "UpperAngle" : 0.2,
        "Speed" : 4,
        "ReportState" : false,
        "Depth" : 0
    },
    "HullBody2Joint" : {
        "DataType" : "JointMotor",
        "BodyA" : "Hull",
        "BodyB" : "Body2",