{
    "Body0Fixture" : {
        "DataType" : "Fixture",
        "FixtureShape" : {
            "Type" : "PolygonShape",
            "Vertices" : [
                [
                    -3.074021552547256,
                    8.481199066012248
                ],
                [
                    3.074021552547256,
                    8.481199066012248
                ],
                [
                    3.074021552547256,
                    -8.481199066012248
                ],
                [
                    -3.074021552547256,
                    -8.481199066012248
                ]
            ]
        },
        "Friction" : 0.1,
        "Density" : 5.0,
        "Restitution" : 0.0,
        "MaskBits" : 1,
        "CategoryBits" : 32
    },
    "Body1Fixture" : {
        "DataType" : "Fixture",
        "FixtureShape" : {
            "Type" : "PolygonShape",
            "Vertices" : [
                [
                    -3.074021552547256,
                    8.481199066012248
                ],
                [
                    3.074021552547256,
                    8.481199066012248
                ],
                [
                    3.074021552547256,
                    -8.481199066012248
                ],
                [
                    -3.074021552547256,
                    -8.481199066012248
                ]
            ]
        },
        "Friction" : 0.1,
        "Density" : 5.0,
        "Restitution" : 0.0,
        "MaskBits" : 1,
        "CategoryBits" : 32
    },
    "Body2Fixture" : {
        "DataType" : "Fixture",
        "FixtureShape" : {
            "Type" : "PolygonShape",
            "Vertices" : [
                [
                    -3.074021552547256,
                    8.481199066012248
                ],
                [
                    3.074021552547256,
                    8.481199066012248
                ],
                [
                    3.074021552547256,
                    -8.481199066012248
                ],
                [
                    -3.074021552547256,
                    -8.481199066012248
                ]
            ]
        },
        "Friction" : 0.1,
        "Density" : 5.0,
        "Restitution" : 0.0,
        "MaskBits" : 1,
        "CategoryBits" : 32
    },
    "HullFixture" : {
        "DataType" : "Fixture",
        "FixtureShape" : {
            "Type" : "PolygonShape",
            "Vertices" : [
                [
                    -3.074021552547256,
                    8.481199066012248
                ],
                [
                    3.074021552547256,
                    8.481199066012248
                ],
                [
                    3.074021552547256,
                    -8.481199066012248
                ],
                [
                    -3.074021552547256,
                    -8.481199066012248
                ]
            ]
        },
        "Friction" : 0.1,
        "Density" : 5.0,
        "Restitution" : 0.0,
        "MaskBits" : 1,
        "CategoryBits" : 32
    },
    "Body4Fixture" : {
        "DataType" : "Fixture",
        "FixtureShape" : {
            "Type" : "PolygonShape",
            "Vertices" : [
                [
                    -3.074021552547256,
                    8.0
                ],
                [
                    3.074021552547256,
                    7.0
                ],
                [
                    3.074021552547256,
                    -8.481199066012248
                ],
                [
                    -3.074021552547256,
                    -8.481199066012248
                ]
            ]
        },
        "Friction" : 0.1,
        "Density" : 5.0,
        "Restitution" : 0.0,
        "MaskBits" : 1,
        "CategoryBits" : 32
    },
    "Body5Fixture" : {
        "DataType" : "Fixture",
        "FixtureShape" : {
            "Type" : "PolygonShape",
            "Vertices" : [
                [
                    -3.074021552547256,
                    7.0
                ],
                [
                    3.074021552547256,
                    6.0
                ],
                [
                    3.074021552547256,
                    -8.481199066012248
                ],
                [
                    -3.074021552547256,
                    -8.481199066012248
                ]
            ]
        },
        "Friction" : 0.1,
        "Density" : 5.0,
        "Restitution" : 0.0,
        "MaskBits" : 1,
        "CategoryBits" : 32
    },
    "Body6Fixture" : {
        "DataType" : "Fixture",
        "FixtureShape" : {
            "Type" : "PolygonShape",
            "Vertices" : [
                [
                    -3.074021552547256,
                    6.0
                ],
                [
                    3.074021552547256,
                    5.0
                ],
                [
                    3.074021552547256,
                    -8.481199066012248
                ],
                [
                    -3.074021552547256,
                    -8.481199066012248
                ]
            ]
        },
        "Friction" : 0.1,
        "Density" : 5.0,
        "Restitution" : 0.0,
        "MaskBits" : 1,
        "CategoryBits" : 32
    },
    "Body7Fixture" : {
        "DataType" : "Fixture",
        "FixtureShape" : {
            "Type" : "PolygonShape",
            "Vertices" : [
                [
                    -3.074021552547256,
                    5.0
                ],
                [
                    3.074021552547256,
                    4.0
                ],
                [
                    3.074021552547256,
                    -8.481199066012248
                ],
                [
                    -3.074021552547256,
                    -8.481199066012248
                ]
            ]
        },
        "Friction" : 0.1,
        "Density" : 5.0,
        "Restitution" : 0.0,
        "MaskBits" : 1,
        "CategoryBits" : 32
    },
    "LegFixture" : {
        "DataType" : "Fixture",
        "FixtureShape" : {
            "Type" : "PolygonShape",
            "Vertices" : [
                [
                    -4.421112806898492,
                    -20.039176662223635
                ],
                [
                    4.421112806898492,
                    -20.039176662223635
                ],
                [
                    4.421112806898492,
                    20.039176662223635
                ],
                [
                    -4.421112806898492,
                    20.039176662223635
                ]
            ]
        },
        "Friction" : 0.2,
        "Density" : 1.0,
        "Restitution" : 0.0,
        "MaskBits" : 1,
        "CategoryBits" : 32
    },
    "LowerFixture" : {
        "DataType" : "Fixture",
        "FixtureShape" : {
            "Type" : "PolygonShape",
            "Vertices" : [
                [
                    -3.4250088890017505,
                    -14.671719530534839
                ],
                [
                    3.4250088890017505,
                    -14.671719530534839
                ],
                [
                    3.4250088890017505,
                    14.671719530534839
                ],
                [
                    -3.4250088890017505,
                    14.671719530534839
                ]
            ]
        },
        "Friction" : 0.2,
        "Density" : 1.0,
        "Restitution" : 0.0,
        "MaskBits" : 1,
        "CategoryBits" : 32
    },
    "Body0" : {
        "DataType" : "DynamicBody",
        "Position" : [
            53.07402155254726,
            169.42179238551697
        ],
        "Angle" : 0.0,
        "FixtureNames" : [
            "Body0Fixture"
        ],
        "Color1" : [
            0.5,
            0.4,
            0.9
        ],
        "Color2" : [
            0.3,
            0.3,
            0.5
        ],