{
    "Body0Fixture" : {
        "DataType" : "Fixture",
        "FixtureShape" : {
            "Type" : "PolygonShape",
            "Vertices" : [
                [
                    -3.3586172103301424,
                    6.394234487103306
                ],
                [
                    3.3586172103301424,
                    6.394234487103306
                ],
                [
                    3.3586172103301424,
                    -6.394234487103306
                ],
                [
                    -3.3586172103301424,
                    -6.394234487103306
                ]
            ]
        },
        "Friction" : 0.1,
        "Density" : 5.0,
        "Restitution" : 0.0,
        "MaskBits" : 1,
        "CategoryBits" : 32
    },
    "Body1Fixture" : {
        "DataType" : "Fixture",
        "FixtureShape" : {
            "Type" : "PolygonShape",
            "Vertices" : [
                [
                    -3.3586172103301424,
                    6.394234487103306
                ],
                [
                    3.3586172103301424,
                    6.394234487103306
                ],
                [
                    3.3586172103301424,
                    -6.394234487103306
                ],
                [
                    -3.3586172103301424,
                    -6.394234487103306
                ]
            ]
        },
        "Friction" : 0.1,
        "Density" : 5.0,
        "Restitution" : 0.0,
        "MaskBits" : 1,
        "CategoryBits" : 32
    },
    "Body2Fixture" : {
        "DataType" : "Fixture",
        "FixtureShape" : {
            "Type" : "PolygonShape",
            "Vertices" : [
                [
                    -3.3586172103301424,
                    6.394234487103306
                ],
                [
                    3.3586172103301424,
                    6.394234487103306
                ],
                [
                    3.3586172103301424,
                    -6.394234487103306
                ],
                [
                    -3.3586172103301424,
                    -6.394234487103306
                ]
            ]
        },
        "Friction" : 0.1,
        "Density" : 5.0,
        "Restitution" : 0.0,
        "MaskBits" : 1,
        "CategoryBits" : 32
    },
    "HullFixture" : {
        "DataType" : "Fixture",
        "FixtureShape" : {
            "Type" : "PolygonShape",
            "Vertices" : [
                [
                    -3.3586172103301424,
                    6.394234487103306
                ],
                [
                    3.3586172103301424,
                    6.394234487103306
                ],
                [
                    3.3586172103301424,
                    -6.394234487103306
                ],
                [
                    -3.3586172103301424,
                    -6.394234487103306
                ]
            ]
        },
        "Friction" : 0.1,
        "Density" : 5.0,
        "Restitution" : 0.0,
        "MaskBits" : 1,
        "CategoryBits" : 32
    },
    "Body4Fixture" : {
        "DataType" : "Fixture",
        "FixtureShape" : {
            "Type" : "PolygonShape",
            "Vertices" : [
                [
                    -3.3586172103301424,
                    6.0
                ],
                [
                    3.3586172103301424,
                    5.25
                ],
                [
                    3.3586172103301424,
                    -6.394234487103306
                ],
                [
                    -3.3586172103301424,
                    -6.394234487103306
                ]
            ]
        },
        "Friction" : 0.1,
        "Density" : 5.0,
        "Restitution" : 0.0,
        "MaskBits" : 1,
        "CategoryBits" : 32
    },
    "Body5Fixture" : {
        "DataType" : "Fixture",
        "FixtureShape" : {
            "Type" : "PolygonShape",
            "Vertices" : [
                [
                    -3.3586172103301424,
                    5.25
                ],
                [
                    3.3586172103301424,
                    4.5
                ],
                [
                    3.3586172103301424,
                    -6.394234487103306
                ],
                [
                    -3.3586172103301424,
                    -6.394234487103306
                ]
            ]
        },
        "Friction" : 0.1,
        "Density" : 5.0,
        "Restitution" : 0.0,
        "MaskBits" : 1,
        "CategoryBits" : 32
    },
    "Body6Fixture" : {
        "DataType" : "Fixture",
        "FixtureShape" : {
            "Type" : "PolygonShape",
            "Vertices" : [
                [
                    -3.3586172103301424,
                    4.5
                ],
                [
                    3.3586172103301424,
                    3.75
                ],
                [
                    3.3586172103301424,
                    -6.394234487103306
                ],
                [
                    -3.3586172103301424,
                    -6.394234487103306
                ]
            ]
        },
        "Friction" : 0.1,
        "Density" : 5.0,
        "Restitution" : 0.0,
        "MaskBits" : 1,
        "CategoryBits" : 32
    },
    "Body7Fixture" : {
        "DataType" : "Fixture",
        "FixtureShape" : {
            "Type" : "PolygonShape",
            "Vertices" : [
                [
                    -3.3586172103301424,
                    3.75
                ],
                [
                    3.3586172103301424,
                    3.0
                ],
                [
                    3.3586172103301424,
                    -6.394234487103306
                ],
                [
                    -3.3586172103301424,
                    -6.394234487103306
                ]
            ]
        },
        "Friction" : 0.1,
        "Density" : 5.0,
        "Restitution" : 0.0,
        "MaskBits" : 1,
        "CategoryBits" : 32
    },
    "LegFixture" : {
        "DataType" : "Fixture",
        "FixtureShape" : {
            "Type" : "PolygonShape",
            "Vertices" : [
                [
                    -3.3607711175746453,
                    -15.441084057390945
                ],
                [
                    3.3607711175746453,
                    -15.441084057390945
                ],
                [
                    3.3607711175746453,
                    15.441084057390945
                ],
                [
                    -3.3607711175746453,
                    15.441084057390945
                ]
            ]
        },
        "Friction" : 0.2,
        "Density" : 1.0,
        "Restitution" : 0.0,
        "MaskBits" : 1,
        "CategoryBits" : 32
    },
    "LowerFixture" : {
        "DataType" : "Fixture",
        "FixtureShape" : {
            "Type" : "PolygonShape",
            "Vertices" : [
                [
                    -3.1838500830342054,
                    -18.003535524860414
                ],
                [
                    3.1838500830342054,
                    -18.003535524860414
                ],
                [
                    3.1838500830342054,
                    18.003535524860414
                ],
                [
                    -3.1838500830342054,
                    18.003535524860414
                ]
            ]
        },
        "Friction" : 0.2,
        "Density" : 1.0,
        "Restitution" : 0.0,
        "MaskBits" : 1,
        "CategoryBits" : 32
    },
    "Body0" : {
        "DataType" : "DynamicBody",
        "Position" : [
            53.35861721033014,
            166.88923916450273
        ],
        "Angle" : 0.0,
        "FixtureNames" : [
            "Body0Fixture"
        ],
        "Color1" : [
            0.5,
            0.4,
            0.9
        ],