{
    "Body0Fixture" : {
        "DataType" : "Fixture",
        "FixtureShape" : {
            "Type" : "PolygonShape",
            "Vertices" : [
                [
                    -3.856526227739354,
                    7.925091075781001
                ],
                [
                    3.856526227739354,
                    7.925091075781001
                ],
                [
                    3.856526227739354,
                    -7.925091075781001
                ],
                [
                    -3.856526227739354,
                    -7.925091075781001
                ]
            ]
        },
        "Friction" : 0.1,
        "Density" : 5.0,
        "Restitution" : 0.0,
        "MaskBits" : 1,
        "CategoryBits" : 32
    },
    "Body1Fixture" : {
        "DataType" : "Fixture",
        "FixtureShape" : {
            "Type" : "PolygonShape",
            "Vertices" : [
                [
                    -3.856526227739354,
                    7.925091075781001
                ],
                [
                    3.856526227739354,
                    7.925091075781001
                ],
                [
                    3.856526227739354,
                    -7.925091075781001
                ],
                [
                    -3.856526227739354,
                    -7.925091075781001
                ]
            ]
        },
        "Friction" : 0.1,
        "Density" : 5.0,
        "Restitution" : 0.0,
        "MaskBits" : 1,
        "CategoryBits" : 32
    },
    "Body2Fixture" : {
        "DataType" : "Fixture",
        "FixtureShape" : {
            "Type" : "PolygonShape",
            "Vertices" : [
                [
                    -3.856526227739354,
                    7.925091075781001
                ],
                [
                    3.856526227739354,
                    7.925091075781001
                ],
                [
                    3.856526227739354,
                    -7.925091075781001
                ],
                [
                    -3.856526227739354,
                    -7.925091075781001
                ]
            ]
        },
        "Friction" : 0.1,
        "Density" : 5.0,
        "Restitution" : 0.0,
        "MaskBits" : 1,
        "CategoryBits" : 32
    },
    "HullFixture" : {
        "DataType" : "Fixture",
        "FixtureShape" : {
            "Type" : "PolygonShape",
            "Vertices" : [
                [
                    -3.856526227739354,
                    7.925091075781001
                ],
                [
                    3.856526227739354,
                    7.925091075781001
                ],
                [
                    3.856526227739354,
                    -7.925091075781001
                ],
                [
                    -3.856526227739354,
                    -7.925091075781001
                ]
            ]
        },
        "Friction" : 0.1,
        "Density" : 5.0,
        "Restitution" : 0.0,
        "MaskBits" : 1,
        "CategoryBits" : 32
    },
    "Body4Fixture" : {
        "DataType" : "Fixture",
        "FixtureShape" : {
            "Type" : "PolygonShape",
            "Vertices" : [
                [
                    -3.856526227739354,
                    7.0
                ],
                [
                    3.856526227739354,
                    6.125
                ],
                [
                    3.856526227739354,
                    -7.925091075781001
                ],
                [
                    -3.856526227739354,
                    -7.925091075781001
                ]
            ]
        },
        "Friction" : 0.1,
        "Density" : 5.0,
        "Restitution" : 0.0,
        "MaskBits" : 1,
        "CategoryBits" : 32
    },
    "Body5Fixture" : {
        "DataType" : "Fixture",
        "FixtureShape" : {
            "Type" : "PolygonShape",
            "Vertices" : [
                [
                    -3.856526227739354,
                    6.125
                ],
                [
                    3.856526227739354,
                    5.25
                ],
                [
                    3.856526227739354,
                    -7.925091075781001
                ],
                [
                    -3.856526227739354,
                    -7.925091075781001
                ]
            ]
        },
        "Friction" : 0.1,
        "Density" : 5.0,
        "Restitution" : 0.0,
        "MaskBits" : 1,
        "CategoryBits" : 32
    },
    "Body6Fixture" : {
        "DataType" : "Fixture",
        "FixtureShape" : {
            "Type" : "PolygonShape",
            "Vertices" : [
                [
                    -3.856526227739354,
                    5.25
                ],
                [
                    3.856526227739354,
                    4.375
                ],
                [
                    3.856526227739354,
                    -7.925091075781001
                ],
                [
                    -3.856526227739354,
                    -7.925091075781001
                ]
            ]
        },
        "Friction" : 0.1,
        "Density" : 5.0,
        "Restitution" : 0.0,
        "MaskBits" : 1,
        "CategoryBits" : 32
    },
    "Body7Fixture" : {
        "DataType" : "Fixture",
        "FixtureShape" : {
            "Type" : "PolygonShape",
            "Vertices" : [
                [
                    -3.856526227739354,
                    4.375
                ],
                [
                    3.856526227739354,
                    3.5
                ],
                [
                    3.856526227739354,
                    -7.925091075781001
                ],
                [
                    -3.856526227739354,
                    -7.925091075781001
                ]
            ]
        },
        "Friction" : 0.1,
        "Density" : 5.0,
        "Restitution" : 0.0,
        "MaskBits" : 1,
        "CategoryBits" : 32
    },
    "LegFixture" : {
        "DataType" : "Fixture",
        "FixtureShape" : {
            "Type" : "PolygonShape",
            "Vertices" : [
                [
                    -3.848690213176285,
                    -14.868119023348914
                ],
                [
                    3.848690213176285,
                    -14.868119023348914
                ],
                [
                    3.848690213176285,
                    14.868119023348914
                ],
                [
                    -3.848690213176285,
                    14.868119023348914
                ]
            ]
        },
        "Friction" : 0.2,
        "Density" : 1.0,
        "Restitution" : 0.0,
        "MaskBits" : 1,
        "CategoryBits" : 32
    },
    "LowerFixture" : {
        "DataType" : "Fixture",
        "FixtureShape" : {
            "Type" : "PolygonShape",
            "Vertices" : [
                [
                    -2.467639467009742,
                    -15.795092294871386
                ],
                [
                    2.467639467009742,
                    -15.795092294871386
                ],
                [
                    2.467639467009742,
                    15.795092294871386
                ],
                [
                    -2.467639467009742,
                    15.795092294871386
                ]
            ]
        },
        "Friction" : 0.2,
        "Density" : 1.0,
        "Restitution" : 0.0,
        "MaskBits" : 1,
        "CategoryBits" : 32
    },
    "Body0" : {
        "DataType" : "DynamicBody",
        "Position" : [
            53.85652622773936,
            161.32642263644058
        ],
        "Angle" : 0.0,
        "FixtureNames" : [
            "Body0Fixture"
        ],
        "Color1" : [
            0.5,
            0.4,
            0.9
        ],
        "Color2" : [
            0.3,
            0.3,
            0.5
        ],