{
    "Body0Fixture" : {
        "DataType" : "Fixture",
        "FixtureShape" : {
            "Type" : "PolygonShape",
            "Vertices" : [
                [
                    -5.6269380445545005,
                    6.391185061343116
                ],
                [
                    5.6269380445545005,
                    6.391185061343116
                ],
                [
                    5.6269380445545005,
                    -6.391185061343116
                ],
                [
                    -5.6269380445545005,
                    -6.391185061343116
                ]
            ]
        },
        "Friction" : 0.1,
        "Density" : 5.0,
        "Restitution" : 0.0,
        "MaskBits" : 1,
        "CategoryBits" : 32
    },
    "Body1Fixture" : {
        "DataType" : "Fixture",
        "FixtureShape" : {
            "Type" : "PolygonShape",
            "Vertices" : [
                [
                    -5.6269380445545005,
                    6.391185061343116
                ],
                [
                    5.6269380445545005,
                    6.391185061343116
                ],
                [
                    5.6269380445545005,
                    -6.391185061343116
                ],
                [
                    -5.6269380445545005,
                    -6.391185061343116
                ]
            ]
        },
        "Friction" : 0.1,
        "Density" : 5.0,
        "Restitution" : 0.0,
        "MaskBits" : 1,
        "CategoryBits" : 32
    },
    "HullFixture" : {
        "DataType" : "Fixture",
        "FixtureShape" : {
            "Type" : "PolygonShape",
            "Vertices" : [
                [
                    -5.6269380445545005,
                    6.391185061343116
                ],
                [
                    5.6269380445545005,
                    6.391185061343116
                ],
                [
                    5.6269380445545005,
                    -6.391185061343116
                ],
                [
                    -5.6269380445545005,
                    -6.391185061343116
                ]
            ]
        },
        "Friction" : 0.1,
        "Density" : 5.0,
        "Restitution" : 0.0,
        "MaskBits" : 1,
        "CategoryBits" : 32
    },
    "Body3Fixture" : {
        "DataType" : "Fixture",
        "FixtureShape" : {
            "Type" : "PolygonShape",
            "Vertices" : [
                [
                    -5.6269380445545005,
                    6.0
                ],
                [
                    5.6269380445545005,
                    5.0
                ],
                [
                    5.6269380445545005,
                    -6.391185061343116
                ],
                [
                    -5.6269380445545005,
                    -6.391185061343116
                ]
            ]
        },
        "Friction" : 0.1,
        "Density" : 5.0,
        "Restitution" : 0.0,
        "MaskBits" : 1,
        "CategoryBits" : 32
    },
    "Body4Fixture" : {
        "DataType" : "Fixture",
        "FixtureShape" : {
            "Type" : "PolygonShape",
            "Vertices" : [
                [
                    -5.6269380445545005,
                    5.0
                ],
                [
                    5.6269380445545005,
                    4.0
                ],
                [
                    5.6269380445545005,
                    -6.391185061343116
                ],
                [
                    -5.6269380445545005,
                    -6.391185061343116
                ]
            ]
        },
        "Friction" : 0.1,
        "Density" : 5.0,
        "Restitution" : 0.0,
        "MaskBits" : 1,
        "CategoryBits" : 32
    },
    "Body5Fixture" : {
        "DataType" : "Fixture",
        "FixtureShape" : {
            "Type" : "PolygonShape",
            "Vertices" : [
                [
                    -5.6269380445545005,
                    4.0
                ],
                [
                    5.6269380445545005,
                    3.0
                ],
                [
                    5.6269380445545005,
                    -6.391185061343116
                ],
                [
                    -5.6269380445545005,
                    -6.391185061343116
                ]
            ]
        },
        "Friction" : 0.1,
        "Density" : 5.0,
        "Restitution" : 0.0,
        "MaskBits" : 1,
        "CategoryBits" : 32
    },
    "LegFixture" : {
        "DataType" : "Fixture",
        "FixtureShape" : {
            "Type" : "PolygonShape",
            "Vertices" : [
                [
                    -4.1311535027410615,
                    -15.820634591754631
                ],
                [
                    4.1311535027410615,
                    -15.820634591754631
                ],
                [
                    4.1311535027410615,
                    15.820634591754631
                ],
                [
                    -4.1311535027410615,
                    15.820634591754631
                ]
            ]
        },
        "Friction" : 0.2,
        "Density" : 1.0,
        "Restitution" : 0.0,
        "MaskBits" : 1,
        "CategoryBits" : 32
    },
    "LowerFixture" : {
        "DataType" : "Fixture",
        "FixtureShape" : {
            "Type" : "PolygonShape",
            "Vertices" : [
                [
                    -3.860487016120931,
                    -20.80450955140161
                ],
                [
                    3.860487016120931,
                    -20.80450955140161
                ],
                [
                    3.860487016120931,
                    20.80450955140161
                ],
                [
                    -3.860487016120931,
                    20.80450955140161
                ]
            ]
        },
        "Friction" : 0.2,
        "Density" : 1.0,
        "Restitution" : 0.0,
        "MaskBits" : 1,
        "CategoryBits" : 32
    },
    "Body0" : {
        "DataType" : "DynamicBody",
        "Position" : [
            55.62693804455451,
            173.25028828631247
        ],
        "Angle" : 0.0,
        "FixtureNames" : [
            "Body0Fixture"
        ],
        "Color1" : [
            0.5,
            0.4,
            0.9
        ],
        "Color2" : [
            0.3,
            0.3,
            0.5
        ],
        "CanTouchGround" : false,
        "InitialForceScale" : 5,
        "ReportState" : false,
        "Depth" : 0
    },
    "Body1" : {
        "DataType" : "DynamicBody",
        "Position" : [
            66.8808141336635,
            173.25028828631247
        ],
        "Angle" : 0.0,
        "FixtureNames" : [
            "Body1Fixture"
        ],
        "Color1" : [
            0.5,
            0.4,
            0.9
        ],
        "Color2" : [
            0.3,
            0.3,
            0.5
        ],
        "CanTouchGround" : false,
        "InitialForceScale" : 5,
        "ReportState" : false,
        "Depth" : 0
    },
    "Hull" : {
        "DataType" : "DynamicBody",
        "Position" : [
            78.1346902227725,
            173.25028828631247
        ],
        "Angle" : 0.0,
        "FixtureNames" : [
            "HullFixture"
        ],
        "Color1" : [
            0.5,
            0.4,
            0.9
        ],
        "Color2" : [
            0.3,
            0.3,
            0.5
        ],
        "CanTouchGround" : false,
        "InitialForceScale" : 5,
        "ReportState" : true,
        "Depth" : 0
    },
    "Body3" : {
        "DataType" : "DynamicBody",
        "Position" : [
            89.3885663118815,
            173.25028828631247
        ],
        "Angle" : 0.0,
        "FixtureNames" : [
            "Body3Fixture"
        ],
        "Color1" : [
            0.5,
            0.4,
            0.9
        ],