{
    "Body0Fixture" : {
        "DataType" : "Fixture",
        "FixtureShape" : {
            "Type" : "PolygonShape",
            "Vertices" : [
                [
                    -3.390419163851665,
                    8.629371080234286
                ],
                [
                    3.390419163851665,
                    8.629371080234286
                ],
                [
                    3.390419163851665,
                    -8.629371080234286
                ],
                [
                    -3.390419163851665,
                    -8.629371080234286
                ]
            ]
        },
        "Friction" : 0.1,
        "Density" : 5.0,
        "Restitution" : 0.0,
        "MaskBits" : 1,
        "CategoryBits" : 32
    },
    "Body1Fixture" : {
        "DataType" : "Fixture",
        "FixtureShape" : {
            "Type" : "PolygonShape",
            "Vertices" : [
                [
                    -3.390419163851665,
                    8.629371080234286
                ],
                [
                    3.390419163851665,
                    8.629371080234286
                ],
                [
                    3.390419163851665,
                    -8.629371080234286
                ],
                [
                    -3.390419163851665,
                    -8.629371080234286
                ]
            ]
        },
        "Friction" : 0.1,
        "Density" : 5.0,
        "Restitution" : 0.0,
        "MaskBits" : 1,
        "CategoryBits" : 32
    },
    "Body2Fixture" : {
        "DataType" : "Fixture",
        "FixtureShape" : {
            "Type" : "PolygonShape",
            "Vertices" : [
                [
                    -3.390419163851665,
                    8.629371080234286
                ],
                [
                    3.390419163851665,
                    8.629371080234286
                ],
                [
                    3.390419163851665,
                    -8.629371080234286
                ],
                [
                    -3.390419163851665,
                    -8.629371080234286
                ]
            ]
        },
        "Friction" : 0.1,
        "Density" : 5.0,
        "Restitution" : 0.0,
        "MaskBits" : 1,
        "CategoryBits" : 32
    },
    "HullFixture" : {
        "DataType" : "Fixture",
        "FixtureShape" : {
            "Type" : "PolygonShape",
            "Vertices" : [
                [
                    -3.390419163851665,
                    8.629371080234286
                ],
                [
                    3.390419163851665,
                    8.629371080234286
                ],
                [
                    3.390419163851665,
                    -8.629371080234286
                ],
                [
                    -3.390419163851665,
                    -8.629371080234286
                ]
            ]
        },
        "Friction" : 0.1,
        "Density" : 5.0,
        "Restitution" : 0.0,
        "MaskBits" : 1,
        "CategoryBits" : 32
    },
    "Body4Fixture" : {
        "DataType" : "Fixture",
        "FixtureShape" : {
            "Type" : "PolygonShape",
            "Vertices" : [
                [
                    -3.390419163851665,
                    8.0
                ],
                [
                    3.390419163851665,
                    7.0
                ],
                [
                    3.390419163851665,
                    -8.629371080234286
                ],
                [
                    -3.390419163851665,
                    -8.629371080234286
                ]
            ]
        },
        "Friction" : 0.1,
        "Density" : 5.0,
        "Restitution" : 0.0,
        "MaskBits" : 1,
        "CategoryBits" : 32
    },
    "Body5Fixture" : {
        "DataType" : "Fixture",
        "FixtureShape" : {
            "Type" : "PolygonShape",
            "Vertices" : [
                [
                    -3.390419163851665,
                    7.0
                ],
                [
                    3.390419163851665,
                    6.0
                ],
                [
                    3.390419163851665,
                    -8.629371080234286
                ],
                [
                    -3.390419163851665,
                    -8.629371080234286
                ]
            ]
        },
        "Friction" : 0.1,
        "Density" : 5.0,
        "Restitution" : 0.0,
        "MaskBits" : 1,
        "CategoryBits" : 32
    },
    "Body6Fixture" : {
        "DataType" : "Fixture",
        "FixtureShape" : {
            "Type" : "PolygonShape",
            "Vertices" : [
                [
                    -3.390419163851665,
                    6.0
                ],
                [
                    3.390419163851665,
                    5.0
                ],
                [
                    3.390419163851665,
                    -8.629371080234286
                ],
                [
                    -3.390419163851665,
                    -8.629371080234286
                ]
            ]
        },
        "Friction" : 0.1,
        "Density" : 5.0,
        "Restitution" : 0.0,
        "MaskBits" : 1,
        "CategoryBits" : 32
    },
    "Body7Fixture" : {
        "DataType" : "Fixture",
        "FixtureShape" : {
            "Type" : "PolygonShape",
            "Vertices" : [
                [
                    -3.390419163851665,
                    5.0
                ],
                [
                    3.390419163851665,
                    4.0
                ],
                [
                    3.390419163851665,
                    -8.629371080234286
                ],
                [
                    -3.390419163851665,
                    -8.629371080234286
                ]
            ]
        },
        "Friction" : 0.1,
        "Density" : 5.0,
        "Restitution" : 0.0,
        "MaskBits" : 1,
        "CategoryBits" : 32
    },
    "LegFixture" : {
        "DataType" : "Fixture",
        "FixtureShape" : {
            "Type" : "PolygonShape",
            "Vertices" : [
                [
                    -4.67246737776499,
                    -13.051888060590874
                ],
                [
                    4.67246737776499,
                    -13.051888060590874
                ],
                [
                    4.67246737776499,
                    13.051888060590874
                ],
                [
                    -4.67246737776499,
                    13.051888060590874
                ]
            ]
        },
        "Friction" : 0.2,
        "Density" : 1.0,
        "Restitution" : 0.0,
        "MaskBits" : 1,
        "CategoryBits" : 32
    },
    "LowerFixture" : {
        "DataType" : "Fixture",
        "FixtureShape" : {
            "Type" : "PolygonShape",
            "Vertices" : [
                [
                    -3.313677731716793,
                    -21.191207470571875
                ],
                [
                    3.313677731716793,
                    -21.191207470571875
                ],
                [
                    3.313677731716793,
                    21.191207470571875
                ],
                [
                    -3.313677731716793,
                    21.191207470571875
                ]
            ]
        },
        "Friction" : 0.2,
        "Density" : 1.0,
        "Restitution" : 0.0,
        "MaskBits" : 1,
        "CategoryBits" : 32
    },
    "Body0" : {
        "DataType" : "DynamicBody",
        "Position" : [
            53.39041916385166,
            168.4861910623255
        ],
        "Angle" : 0.0,
        "FixtureNames" : [
            "Body0Fixture"
        ],
        "Color1" : [
            0.5,
            0.4,
            0.9
        ],
        "Color2" : [
            0.3,
            0.3,
            0.5
        ],