{
    "Body0Fixture" : {
        "DataType" : "Fixture",
        "FixtureShape" : {
            "Type" : "PolygonShape",
            "Vertices" : [
                [
                    -4.140891940388273,
                    7.449861196633274
                ],
                [
                    4.140891940388273,
                    7.449861196633274
                ],
                [
                    4.140891940388273,
                    -7.449861196633274
                ],
                [
                    -4.140891940388273,
                    -7.449861196633274
                ]
            ]
        },
        "Friction" : 0.1,
        "Density" : 5.0,
        "Restitution" : 0.0,
        "MaskBits" : 1,
        "CategoryBits" : 32
    },
    "Body1Fixture" : {
        "DataType" : "Fixture",
        "FixtureShape" : {
            "Type" : "PolygonShape",
            "Vertices" : [
                [
                    -4.140891940388273,
                    7.449861196633274
                ],
                [
                    4.140891940388273,
                    7.449861196633274
                ],
                [
                    4.140891940388273,
                    -7.449861196633274
                ],
                [
                    -4.140891940388273,
                    -7.449861196633274
                ]
            ]
        },
        "Friction" : 0.1,
        "Density" : 5.0,
        "Restitution" : 0.0,
        "MaskBits" : 1,
        "CategoryBits" : 32
    },
    "HullFixture" : {
        "DataType" : "Fixture",
        "FixtureShape" : {
            "Type" : "PolygonShape",
            "Vertices" : [
                [
                    -4.140891940388273,
                    7.449861196633274
                ],
                [
                    4.140891940388273,
                    7.449861196633274
                ],
                [
                    4.140891940388273,
                    -7.449861196633274
                ],
                [
                    -4.140891940388273,
                    -7.449861196633274
                ]
            ]
        },
        "Friction" : 0.1,
        "Density" : 5.0,
        "Restitution" : 0.0,
        "MaskBits" : 1,
        "CategoryBits" : 32
    },
    "Body3Fixture" : {
        "DataType" : "Fixture",
        "FixtureShape" : {
            "Type" : "PolygonShape",
            "Vertices" : [
                [
                    -4.140891940388273,
                    7.0
                ],
                [
                    4.140891940388273,
                    5.833333333333333
                ],
                [
                    4.140891940388273,
                    -7.449861196633274
                ],
                [
                    -4.140891940388273,
                    -7.449861196633274
                ]
            ]
        },
        "Friction" : 0.1,
        "Density" : 5.0,
        "Restitution" : 0.0,
        "MaskBits" : 1,
        "CategoryBits" : 32
    },
    "Body4Fixture" : {
        "DataType" : "Fixture",
        "FixtureShape" : {
            "Type" : "PolygonShape",
            "Vertices" : [
                [
                    -4.140891940388273,
                    5.833333333333333
                ],
                [
                    4.140891940388273,
                    4.666666666666666
                ],
                [
                    4.140891940388273,
                    -7.449861196633274
                ],
                [
                    -4.140891940388273,
                    -7.449861196633274
                ]
            ]
        },
        "Friction" : 0.1,
        "Density" : 5.0,
        "Restitution" : 0.0,
        "MaskBits" : 1,
        "CategoryBits" : 32
    },
    "Body5Fixture" : {
        "DataType" : "Fixture",
        "FixtureShape" : {
            "Type" : "PolygonShape",
            "Vertices" : [
                [
                    -4.140891940388273,
                    4.666666666666666
                ],
                [
                    4.140891940388273,
                    3.5
                ],
                [
                    4.140891940388273,
                    -7.449861196633274
                ],
                [
                    -4.140891940388273,
                    -7.449861196633274
                ]
            ]
        },
        "Friction" : 0.1,
        "Density" : 5.0,
        "Restitution" : 0.0,
        "MaskBits" : 1,
        "CategoryBits" : 32
    },
    "LegFixture" : {
        "DataType" : "Fixture",
        "FixtureShape" : {
            "Type" : "PolygonShape",
            "Vertices" : [
                [
                    -4.250458213870921,
                    -20.430626931594944
                ],
                [
                    4.250458213870921,
                    -20.430626931594944
                ],
                [
                    4.250458213870921,
                    20.430626931594944
                ],
                [
                    -4.250458213870921,
                    20.430626931594944
                ]
            ]
        },
        "Friction" : 0.2,
        "Density" : 1.0,
        "Restitution" : 0.0,
        "MaskBits" : 1,
        "CategoryBits" : 32
    },
    "LowerFixture" : {
        "DataType" : "Fixture",
        "FixtureShape" : {
            "Type" : "PolygonShape",
            "Vertices" : [
                [
                    -3.6241491547860414,
                    -15.756132116643451
                ],
                [
                    3.6241491547860414,
                    -15.756132116643451
                ],
                [
                    3.6241491547860414,
                    15.756132116643451
                ],
                [
                    -3.6241491547860414,
                    15.756132116643451
                ]
            ]
        },
        "Friction" : 0.2,
        "Density" : 1.0,
        "Restitution" : 0.0,
        "MaskBits" : 1,
        "CategoryBits" : 32
    },
    "Body0" : {
        "DataType" : "DynamicBody",
        "Position" : [
            54.140891940388265,
            172.3735180964768
        ],
        "Angle" : 0.0,
        "FixtureNames" : [
            "Body0Fixture"
        ],
        "Color1" : [
            0.5,
            0.4,
            0.9
        ],
        "Color2" : [
            0.3,
            0.3,
            0.5
        ],
        "CanTouchGround" : false,
        "InitialForceScale" : 5,
        "ReportState" : false,
        "Depth" : 0
    },
    "Body1" : {
        "DataType" : "DynamicBody",
        "Position" : [
            62.42267582116481,
            172.3735180964768
        ],
        "Angle" : 0.0,
        "FixtureNames" : [
            "Body1Fixture"
        ],
        "Color1" : [
            0.5,
            0.4,
            0.9
        ],
        "Color2" : [
            0.3,
            0.3,
            0.5
        ],
        "CanTouchGround" : false,
        "InitialForceScale" : 5,
        "ReportState" : false,
        "Depth" : 0
    },
    "Hull" : {
        "DataType" : "DynamicBody",
        "Position" : [
            70.70445970194136,
            172.3735180964768
        ],
        "Angle" : 0.0,
        "FixtureNames" : [
            "HullFixture"
        ],
        "Color1" : [
            0.5,
            0.4,
            0.9
        ],
        "Color2" : [
            0.3,
            0.3,
            0.5
        ],
        "CanTouchGround" : false,
        "InitialForceScale" : 5,
        "ReportState" : true,
        "Depth" : 0
    },
    "Body3" : {
        "DataType" : "DynamicBody",
        "Position" : [
            78.9862435827179,
            172.3735180964768
        ],
        "Angle" : 0.0,
        "FixtureNames" : [
            "Body3Fixture"
        ],