{
    "Body0Fixture" : {
        "DataType" : "Fixture",
        "FixtureShape" : {
            "Type" : "PolygonShape",
            "Vertices" : [
                [
                    -5.532399232648509,
                    8.248950462233374
                ],
                [
                    5.532399232648509,
                    8.248950462233374
                ],
                [
                    5.532399232648509,
                    -8.248950462233374
                ],
                [
                    -5.532399232648509,
                    -8.248950462233374
                ]
            ]
        },
        "Friction" : 0.1,
        "Density" : 5.0,
        "Restitution" : 0.0,
        "MaskBits" : 1,
        "CategoryBits" : 32
    },
    "Body1Fixture" : {
        "DataType" : "Fixture",
        "FixtureShape" : {
            "Type" : "PolygonShape",
            "Vertices" : [
                [
                    -5.532399232648509,
                    8.248950462233374
                ],
                [
                    5.532399232648509,
                    8.248950462233374
                ],
                [
                    5.532399232648509,
                    -8.248950462233374
                ],
                [
                    -5.532399232648509,
                    -8.248950462233374
                ]
            ]
        },
        "Friction" : 0.1,
        "Density" : 5.0,
        "Restitution" : 0.0,
        "MaskBits" : 1,
        "CategoryBits" : 32
    },
    "HullFixture" : {
        "DataType" : "Fixture",
        "FixtureShape" : {
            "Type" : "PolygonShape",
            "Vertices" : [
                [
                    -5.532399232648509,
                    8.248950462233374
                ],
                [
                    5.532399232648509,
                    8.248950462233374
                ],
                [
                    5.532399232648509,
                    -8.248950462233374
                ],
                [
                    -5.532399232648509,
                    -8.248950462233374
                ]
            ]
        },
        "Friction" : 0.1,
        "Density" : 5.0,
        "Restitution" : 0.0,
        "MaskBits" : 1,
        "CategoryBits" : 32
    },
    "Body3Fixture" : {
        "DataType" : "Fixture",
        "FixtureShape" : {
            "Type" : "PolygonShape",
            "Vertices" : [
                [
                    -5.532399232648509,
                    8.0
                ],
                [
                    5.532399232648509,
                    6.666666666666667
                ],
                [
                    5.532399232648509,
                    -8.248950462233374
                ],
                [
                    -5.532399232648509,
                    -8.248950462233374
                ]
            ]
        },
        "Friction" : 0.1,
        "Density" : 5.0,
        "Restitution" : 0.0,
        "MaskBits" : 1,
        "CategoryBits" : 32
    },
    "Body4Fixture" : {
        "DataType" : "Fixture",
        "FixtureShape" : {
            "Type" : "PolygonShape",
            "Vertices" : [
                [
                    -5.532399232648509,
                    6.666666666666667
                ],
                [
                    5.532399232648509,
                    5.333333333333334
                ],
                [
                    5.532399232648509,
                    -8.248950462233374
                ],
                [
                    -5.532399232648509,
                    -8.248950462233374
                ]
            ]
        },
        "Friction" : 0.1,
        "Density" : 5.0,
        "Restitution" : 0.0,
        "MaskBits" : 1,
        "CategoryBits" : 32
    },
    "Body5Fixture" : {
        "DataType" : "Fixture",
        "FixtureShape" : {
            "Type" : "PolygonShape",
            "Vertices" : [
                [
                    -5.532399232648509,
                    5.333333333333334
                ],
                [
                    5.532399232648509,
                    4.0
                ],
                [
                    5.532399232648509,
                    -8.248950462233374
                ],
                [
                    -5.532399232648509,
                    -8.248950462233374
                ]
            ]
        },
        "Friction" : 0.1,
        "Density" : 5.0,
        "Restitution" : 0.0,
        "MaskBits" : 1,
        "CategoryBits" : 32
    },
    "LegFixture" : {
        "DataType" : "Fixture",
        "FixtureShape" : {
            "Type" : "PolygonShape",
            "Vertices" : [
                [
                    -4.954109823120726,
                    -18.726786613210095
                ],
                [
                    4.954109823120726,
                    -18.726786613210095
                ],
                [
                    4.954109823120726,
                    18.726786613210095
                ],
                [
                    -4.954109823120726,
                    18.726786613210095
                ]
            ]
        },
        "Friction" : 0.2,
        "Density" : 1.0,
        "Restitution" : 0.0,
        "MaskBits" : 1,
        "CategoryBits" : 32
    },
    "LowerFixture" : {
        "DataType" : "Fixture",
        "FixtureShape" : {
            "Type" : "PolygonShape",
            "Vertices" : [
                [
                    -3.1042762910913027,
                    -14.410008758697852
                ],
                [
                    3.1042762910913027,
                    -14.410008758697852
                ],
                [
                    3.1042762910913027,
                    14.410008758697852
                ],
                [
                    -3.1042762910913027,
                    14.410008758697852
                ]
            ]
        },
        "Friction" : 0.2,
        "Density" : 1.0,
        "Restitution" : 0.0,
        "MaskBits" : 1,
        "CategoryBits" : 32
    },
    "Body0" : {
        "DataType" : "DynamicBody",
        "Position" : [
            55.532399232648515,
            166.2735907438159
        ],
        "Angle" : 0.0,
        "FixtureNames" : [
            "Body0Fixture"
        ],
        "Color1" : [
            0.5,
            0.4,
            0.9
        ],
        "Color2" : [
            0.3,
            0.3,
            0.5
        ],
        "CanTouchGround" : false,
        "InitialForceScale" : 5,
        "ReportState" : false,
        "Depth" : 0
    },
    "Body1" : {
        "DataType" : "DynamicBody",
        "Position" : [
            66.59719769794553,
            166.2735907438159
        ],
        "Angle" : 0.0,
        "FixtureNames" : [
            "Body1Fixture"
        ],
        "Color1" : [
            0.5,
            0.4,
            0.9
        ],
        "Color2" : [
            0.3,
            0.3,
            0.5
        ],
        "CanTouchGround" : false,
        "InitialForceScale" : 5,
        "ReportState" : false,
        "Depth" : 0
    },
    "Hull" : {
        "DataType" : "DynamicBody",
        "Position" : [
            77.66199616324255,
            166.2735907438159
        ],
        "Angle" : 0.0,
        "FixtureNames" : [
            "HullFixture"
        ],
        "Color1" : [
            0.5,
            0.4,
            0.9
        ],
        "Color2" : [
            0.3,
            0.3,
            0.5
        ],
        "CanTouchGround" : false,
        "InitialForceScale" : 5,
        "ReportState" : true,
        "Depth" : 0
    },
    "Body3" : {
        "DataType" : "DynamicBody",
        "Position" : [
            88.72679462853957,
            166.2735907438159
        ],
        "Angle" : 0.0,
        "FixtureNames" : [
            "Body3Fixture"
        ],