{
    "Body0Fixture" : {
        "DataType" : "Fixture",
        "FixtureShape" : {
            "Type" : "PolygonShape",
            "Vertices" : [
                [
                    -9.205915931983007,
                    8.93777619088791
                ],
                [
                    9.205915931983007,
                    8.93777619088791
                ],
                [
                    9.205915931983007,
                    -8.93777619088791
                ],
                [
                    -9.205915931983007,
                    -8.93777619088791
                ]
            ]
        },
        "Friction" : 0.1,
        "Density" : 5.0,
        "Restitution" : 0.0,
        "MaskBits" : 1,
        "CategoryBits" : 32
    },
    "HullFixture" : {
        "DataType" : "Fixture",
        "FixtureShape" : {
            "Type" : "PolygonShape",
            "Vertices" : [
                [
                    -9.205915931983007,
                    8.0
                ],
                [
                    9.205915931983007,
                    5.333333333333334
                ],
                [
                    9.205915931983007,
                    -8.93777619088791
                ],
                [
                    -9.205915931983007,
                    -8.93777619088791
                ]
            ]
        },
        "Friction" : 0.1,
        "Density" : 5.0,
        "Restitution" : 0.0,
        "MaskBits" : 1,
        "CategoryBits" : 32
    },
    "Body2Fixture" : {
        "DataType" : "Fixture",
        "FixtureShape" : {
            "Type" : "PolygonShape",
            "Vertices" : [
                [
                    -9.205915931983007,
                    5.333333333333334
                ],
                [
                    9.205915931983007,
                    2.666666666666667
                ],
                [
                    9.205915931983007,
                    -8.93777619088791
                ],
                [
                    -9.205915931983007,
                    -8.93777619088791
                ]
            ]
        },
        "Friction" : 0.1,
        "Density" : 5.0,
        "Restitution" : 0.0,
        "MaskBits" : 1,
        "CategoryBits" : 32
    },
    "LegFixture" : {
        "DataType" : "Fixture",
        "FixtureShape" : {
            "Type" : "PolygonShape",
            "Vertices" : [
                [
                    -3.404667277012832,
                    -13.994050770580726
                ],
                [
                    3.404667277012832,
                    -13.994050770580726
                ],
                [
                    3.404667277012832,
                    13.994050770580726
                ],
                [
                    -3.404667277012832,
                    13.994050770580726
                ]
            ]
        },
        "Friction" : 0.2,
        "Density" : 1.0,
        "Restitution" : 0.0,
        "MaskBits" : 1,
        "CategoryBits" : 32
    },
    "LowerFixture" : {
        "DataType" : "Fixture",
        "FixtureShape" : {
            "Type" : "PolygonShape",
            "Vertices" : [
                [
                    -2.9815196405614337,
                    -17.776927651165487
                ],
                [
                    2.9815196405614337,
                    -17.776927651165487
                ],
                [
                    2.9815196405614337,
                    17.776927651165487
                ],
                [
                    -2.9815196405614337,
                    17.776927651165487
                ]
            ]
        },
        "Friction" : 0.2,
        "Density" : 1.0,
        "Restitution" : 0.0,
        "MaskBits" : 1,
        "CategoryBits" : 32
    },
    "Body0" : {
        "DataType" : "DynamicBody",
        "Position" : [
            59.205915931983,
            163.54195684349241
        ],
        "Angle" : 0.0,
        "FixtureNames" : [
            "Body0Fixture"
        ],
        "Color1" : [
            0.5,
            0.4,
            0.9
        ],
        "Color2" : [
            0.3,
            0.3,
            0.5
        ],
        "CanTouchGround" : false,
        "InitialForceScale" : 5,
        "ReportState" : false,
        "Depth" : 0
    },
    "Hull" : {
        "DataType" : "DynamicBody",
        "Position" : [
            77.61774779594901,
            163.54195684349241
        ],
        "Angle" : 0.0,
        "FixtureNames" : [
            "HullFixture"
        ],
        "Color1" : [
            0.5,
            0.4,
            0.9
        ],
        "Color2" : [
            0.3,
            0.3,
            0.5
        ],
        "CanTouchGround" : false,
        "InitialForceScale" : 5,
        "ReportState" : true,
        "Depth" : 0
    },
    "Body2" : {
        "DataType" : "DynamicBody",
        "Position" : [
            96.02957965991503,
            163.54195684349241
        ],
        "Angle" : 0.0,
        "FixtureNames" : [
            "Body2Fixture"
        ],
        "Color1" : [
            0.5,
            0.4,
            0.9
        ],
        "Color2" : [
            0.3,
            0.3,
            0.5
        ],
        "CanTouchGround" : false,
        "InitialForceScale" : 5,
        "ReportState" : false,
        "Depth" : 0
    },
    "Leg-1" : {
        "DataType" : "DynamicBody",
        "Position" : [
            77.61774779594901,
            149.5479060729117
        ],
        "Angle" : -0.05,
        "FixtureNames" : [
            "LegFixture"
        ],
        "Color1" : [
            0.7,
            0.4,
            0.6
        ],
        "Color2" : [
            0.3,
            0.3,
            0.5
        ],
        "CanTouchGround" : true,
        "ReportState" : true,
        "Depth" : 0
    },
    "Lower-1" : {
        "DataType" : "DynamicBody",
        "Position" : [
            77.61774779594901,
            131.7709784217462
        ],
        "Angle" : -0.05,
        "FixtureNames" : [
            "LowerFixture"
        ],
        "Color1" : [
            0.7,
            0.4,
            0.6
        ],
        "Color2" : [
            0.3,
            0.3,
            0.5
        ],
        "CanTouchGround" : true,
        "ReportState" : true,
        "Depth" : 0
    },
    "Leg1" : {
        "DataType" : "DynamicBody",
        "Position" : [
            77.61774779594901,
            149.5479060729117
        ],
        "Angle" : 0.05,
        "FixtureNames" : [
            "LegFixture"
        ],
        "Color1" : [
            0.4,
            0.2,
            0.4
        ],
        "Color2" : [
            0.3,
            0.3,
            0.5
        ],
        "CanTouchGround" : true,
        "ReportState" : true,
        "Depth" : 1
    },
    "Lower1" : {
        "DataType" : "DynamicBody",
        "Position" : [
            77.61774779594901,
            131.7709784217462
        ],
        "Angle" : 0.05,
        "FixtureNames" : [
            "LowerFixture"
        ],
        "Color1" : [
            0.4,
            0.2,
            0.4
        ],
        "Color2" : [
            0.3,
            0.3,
            0.5
        ],
        "CanTouchGround" : true,
        "ReportState" : true,
        "Depth" : 1
    },
    "Body0HullJoint" : {
        "DataType" : "JointMotor",
        "BodyA" : "Body0",
        "BodyB" : "Hull",
        "LocalAnchorA" : [
            9.205915931983007,
            0
        ],
        "LocalAnchorB" : [
            -9.205915931983007,
            0
        ],
        "EnableMotor" : false,
        "EnableLimit" : true,
        "MaxMotorTorque" : 80,
        "MotorSpeed" : 0.0,
        "LowerAngle" : -0.5,
        "UpperAngle" : 0.2,
        "Speed" : 4,
        "ReportState" : false,
        "Depth" : 0
    },
    "HullBody2Joint" : {
        "DataType" : "JointMotor",
        "BodyA" : "Hull",