{
    "Body0Fixture" : {
        "DataType" : "Fixture",
        "FixtureShape" : {
            "Type" : "PolygonShape",
            "Vertices" : [
                [
                    -6.0881109523226336,
                    9.084599725033346
                ],
                [
                    6.0881109523226336,
                    9.084599725033346
                ],
                [
                    6.0881109523226336,
                    -9.084599725033346
                ],
                [
                    -6.0881109523226336,
                    -9.084599725033346
                ]
            ]
        },
        "Friction" : 0.1,
        "Density" : 5.0,
        "Restitution" : 0.0,
        "MaskBits" : 1,
        "CategoryBits" : 32
    },
    "Body1Fixture" : {
        "DataType" : "Fixture",
        "FixtureShape" : {
            "Type" : "PolygonShape",
            "Vertices" : [
                [
                    -6.0881109523226336,
                    9.084599725033346
                ],
                [
                    6.0881109523226336,
                    9.084599725033346
                ],
                [
                    6.0881109523226336,
                    -9.084599725033346
                ],
                [
                    -6.0881109523226336,
                    -9.084599725033346
                ]
            ]
        },
        "Friction" : 0.1,
        "Density" : 5.0,
        "Restitution" : 0.0,
        "MaskBits" : 1,
        "CategoryBits" : 32
    },
    "HullFixture" : {
        "DataType" : "Fixture",
        "FixtureShape" : {
            "Type" : "PolygonShape",
            "Vertices" : [
                [
                    -6.0881109523226336,
                    9.084599725033346
                ],
                [
                    6.0881109523226336,
                    9.084599725033346
                ],
                [
                    6.0881109523226336,
                    -9.084599725033346
                ],
                [
                    -6.0881109523226336,
                    -9.084599725033346
                ]
            ]
        },
        "Friction" : 0.1,
        "Density" : 5.0,
        "Restitution" : 0.0,
        "MaskBits" : 1,
        "CategoryBits" : 32
    },
    "Body3Fixture" : {
        "DataType" : "Fixture",
        "FixtureShape" : {
            "Type" : "PolygonShape",
            "Vertices" : [
                [
                    -6.0881109523226336,
                    9.0
                ],
                [
                    6.0881109523226336,
                    7.5
                ],
                [
                    6.0881109523226336,
                    -9.084599725033346
                ],
                [
                    -6.0881109523226336,
                    -9.084599725033346
                ]
            ]
        },
        "Friction" : 0.1,
        "Density" : 5.0,
        "Restitution" : 0.0,
        "MaskBits" : 1,
        "CategoryBits" : 32
    },
    "Body4Fixture" : {
        "DataType" : "Fixture",
        "FixtureShape" : {
            "Type" : "PolygonShape",
            "Vertices" : [
                [
                    -6.0881109523226336,
                    7.5
                ],
                [
                    6.0881109523226336,
                    6.0
                ],
                [
                    6.0881109523226336,
                    -9.084599725033346
                ],
                [
                    -6.0881109523226336,
                    -9.084599725033346
                ]
            ]
        },
        "Friction" : 0.1,
        "Density" : 5.0,
        "Restitution" : 0.0,
        "MaskBits" : 1,
        "CategoryBits" : 32
    },
    "Body5Fixture" : {
        "DataType" : "Fixture",
        "FixtureShape" : {
            "Type" : "PolygonShape",
            "Vertices" : [
                [
                    -6.0881109523226336,
                    6.0
                ],
                [
                    6.0881109523226336,
                    4.5
                ],
                [
                    6.0881109523226336,
                    -9.084599725033346
                ],
                [
                    -6.0881109523226336,
                    -9.084599725033346
                ]
            ]
        },
        "Friction" : 0.1,
        "Density" : 5.0,
        "Restitution" : 0.0,
        "MaskBits" : 1,
        "CategoryBits" : 32
    },
    "LegFixture" : {
        "DataType" : "Fixture",
        "FixtureShape" : {
            "Type" : "PolygonShape",
            "Vertices" : [
                [
                    -3.025077273149831,
                    -21.054779994510852
                ],
                [
                    3.025077273149831,
                    -21.054779994510852
                ],
                [
                    3.025077273149831,
                    21.054779994510852
                ],
                [
                    -3.025077273149831,
                    21.054779994510852
                ]
            ]
        },
        "Friction" : 0.2,
        "Density" : 1.0,
        "Restitution" : 0.0,
        "MaskBits" : 1,
        "CategoryBits" : 32
    },
    "LowerFixture" : {
        "DataType" : "Fixture",
        "FixtureShape" : {
            "Type" : "PolygonShape",
            "Vertices" : [
                [
                    -3.6286108428157413,
                    -20.715805718555465
                ],
                [
                    3.6286108428157413,
                    -20.715805718555465
                ],
                [
                    3.6286108428157413,
                    20.715805718555465
                ],
                [
                    -3.6286108428157413,
                    20.715805718555465
                ]
            ]
        },
        "Friction" : 0.2,
        "Density" : 1.0,
        "Restitution" : 0.0,
        "MaskBits" : 1,
        "CategoryBits" : 32
    },
    "Body0" : {
        "DataType" : "DynamicBody",
        "Position" : [
            56.08811095232262,
            183.54117142613262
        ],
        "Angle" : 0.0,
        "FixtureNames" : [
            "Body0Fixture"
        ],
        "Color1" : [
            0.5,
            0.4,
            0.9
        ],
        "Color2" : [
            0.3,
            0.3,
            0.5
        ],
        "CanTouchGround" : false,
        "InitialForceScale" : 5,
        "ReportState" : false,
        "Depth" : 0
    },
    "Body1" : {
        "DataType" : "DynamicBody",
        "Position" : [
            68.26433285696788,
            183.54117142613262
        ],
        "Angle" : 0.0,
        "FixtureNames" : [
            "Body1Fixture"
        ],
        "Color1" : [
            0.5,
            0.4,
            0.9
        ],
        "Color2" : [
            0.3,
            0.3,
            0.5
        ],
        "CanTouchGround" : false,
        "InitialForceScale" : 5,
        "ReportState" : false,
        "Depth" : 0
    },
    "Hull" : {
        "DataType" : "DynamicBody",
        "Position" : [
            80.44055476161316,
            183.54117142613262
        ],
        "Angle" : 0.0,
        "FixtureNames" : [
            "HullFixture"
        ],
        "Color1" : [
            0.5,
            0.4,
            0.9
        ],
        "Color2" : [
            0.3,
            0.3,
            0.5
        ],
        "CanTouchGround" : false,
        "InitialForceScale" : 5,
        "ReportState" : true,
        "Depth" : 0
    },
    "Body3" : {
        "DataType" : "DynamicBody",
        "Position" : [
            92.61677666625843,
            183.54117142613262
        ],
        "Angle" : 0.0,
        "FixtureNames" : [
            "Body3Fixture"
        ],
        "Color1" : [
            0.5,
            0.4,
            0.9
        ],