{
    "Body0Fixture" : {
        "DataType" : "Fixture",
        "FixtureShape" : {
            "Type" : "PolygonShape",
            "Vertices" : [
                [
                    -6.439304393687277,
                    6.068779102589911
                ],
                [
                    6.439304393687277,
                    6.068779102589911
                ],
                [
                    6.439304393687277,
                    -6.068779102589911
                ],
                [
                    -6.439304393687277,
                    -6.068779102589911
                ]
            ]
        },
        "Friction" : 0.1,
        "Density" : 5.0,
        "Restitution" : 0.0,
        "MaskBits" : 1,
        "CategoryBits" : 32
    },
    "Body1Fixture" : {
        "DataType" : "Fixture",
        "FixtureShape" : {
            "Type" : "PolygonShape",
            "Vertices" : [
                [
                    -6.439304393687277,
                    6.068779102589911
                ],
                [
                    6.439304393687277,
                    6.068779102589911
                ],
                [
                    6.439304393687277,
                    -6.068779102589911
                ],
                [
                    -6.439304393687277,
                    -6.068779102589911
                ]
            ]
        },
        "Friction" : 0.1,
        "Density" : 5.0,
        "Restitution" : 0.0,
        "MaskBits" : 1,
        "CategoryBits" : 32
    },
    "HullFixture" : {
        "DataType" : "Fixture",
        "FixtureShape" : {
            "Type" : "PolygonShape",
            "Vertices" : [
                [
                    -6.439304393687277,
                    6.068779102589911
                ],
                [
                    6.439304393687277,
                    6.068779102589911
                ],
                [
                    6.439304393687277,
                    -6.068779102589911
                ],
                [
                    -6.439304393687277,
                    -6.068779102589911
                ]
            ]
        },
        "Friction" : 0.1,
        "Density" : 5.0,
        "Restitution" : 0.0,
        "MaskBits" : 1,
        "CategoryBits" : 32
    },
    "Body3Fixture" : {
        "DataType" : "Fixture",
        "FixtureShape" : {
            "Type" : "PolygonShape",
            "Vertices" : [
                [
                    -6.439304393687277,
                    6.0
                ],
                [
                    6.439304393687277,
                    5.0
                ],
                [
                    6.439304393687277,
                    -6.068779102589911
                ],
                [
                    -6.439304393687277,
                    -6.068779102589911
                ]
            ]
        },
        "Friction" : 0.1,
        "Density" : 5.0,
        "Restitution" : 0.0,
        "MaskBits" : 1,
        "CategoryBits" : 32
    },
    "Body4Fixture" : {
        "DataType" : "Fixture",
        "FixtureShape" : {
            "Type" : "PolygonShape",
            "Vertices" : [
                [
                    -6.439304393687277,
                    5.0
                ],
                [
                    6.439304393687277,
                    4.0
                ],
                [
                    6.439304393687277,
                    -6.068779102589911
                ],
                [
                    -6.439304393687277,
                    -6.068779102589911
                ]
            ]
        },
        "Friction" : 0.1,
        "Density" : 5.0,
        "Restitution" : 0.0,
        "MaskBits" : 1,
        "CategoryBits" : 32
    },
    "Body5Fixture" : {
        "DataType" : "Fixture",
        "FixtureShape" : {
            "Type" : "PolygonShape",
            "Vertices" : [
                [
                    -6.439304393687277,
                    4.0
                ],
                [
                    6.439304393687277,
                    3.0
                ],
                [
                    6.439304393687277,
                    -6.068779102589911
                ],
                [
                    -6.439304393687277,
                    -6.068779102589911
                ]
            ]
        },
        "Friction" : 0.1,
        "Density" : 5.0,
        "Restitution" : 0.0,
        "MaskBits" : 1,
        "CategoryBits" : 32
    },
    "LegFixture" : {
        "DataType" : "Fixture",
        "FixtureShape" : {
            "Type" : "PolygonShape",
            "Vertices" : [
                [
                    -4.2978626231013575,
                    -20.79224968777779
                ],
                [
                    4.2978626231013575,
                    -20.79224968777779
                ],
                [
                    4.2978626231013575,
                    20.79224968777779
                ],
                [
                    -4.2978626231013575,
                    20.79224968777779
                ]
            ]
        },
        "Friction" : 0.2,
        "Density" : 1.0,
        "Restitution" : 0.0,
        "MaskBits" : 1,
        "CategoryBits" : 32
    },
    "LowerFixture" : {
        "DataType" : "Fixture",
        "FixtureShape" : {
            "Type" : "PolygonShape",
            "Vertices" : [
                [
                    -3.5626033113349997,
                    -16.259256155643453
                ],
                [
                    3.5626033113349997,
                    -16.259256155643453
                ],
                [
                    3.5626033113349997,
                    16.259256155643453
                ],
                [
                    -3.5626033113349997,
                    16.259256155643453
                ]
            ]
        },
        "Friction" : 0.2,
        "Density" : 1.0,
        "Restitution" : 0.0,
        "MaskBits" : 1,
        "CategoryBits" : 32
    },
    "Body0" : {
        "DataType" : "DynamicBody",
        "Position" : [
            56.43930439368728,
            174.1030116868425
        ],
        "Angle" : 0.0,
        "FixtureNames" : [
            "Body0Fixture"
        ],
        "Color1" : [
            0.5,
            0.4,
            0.9
        ],
        "Color2" : [
            0.3,
            0.3,
            0.5
        ],
        "CanTouchGround" : false,
        "InitialForceScale" : 5,
        "ReportState" : false,
        "Depth" : 0
    },
    "Body1" : {
        "DataType" : "DynamicBody",
        "Position" : [
            69.31791318106184,
            174.1030116868425
        ],
        "Angle" : 0.0,
        "FixtureNames" : [
            "Body1Fixture"
        ],
        "Color1" : [
            0.5,
            0.4,
            0.9
        ],
        "Color2" : [
            0.3,
            0.3,
            0.5
        ],
        "CanTouchGround" : false,
        "InitialForceScale" : 5,
        "ReportState" : false,
        "Depth" : 0
    },
    "Hull" : {
        "DataType" : "DynamicBody",
        "Position" : [
            82.1965219684364,
            174.1030116868425
        ],
        "Angle" : 0.0,
        "FixtureNames" : [
            "HullFixture"
        ],
        "Color1" : [
            0.5,
            0.4,
            0.9
        ],
        "Color2" : [
            0.3,
            0.3,
            0.5
        ],
        "CanTouchGround" : false,
        "InitialForceScale" : 5,
        "ReportState" : true,
        "Depth" : 0
    },
    "Body3" : {
        "DataType" : "DynamicBody",
        "Position" : [
            95.07513075581096,
            174.1030116868425
        ],
        "Angle" : 0.0,
        "FixtureNames" : [
            "Body3Fixture"
        ],
        "Color1" : [
            0.5,
            0.4,
            0.9
        ],