{
    "Body0Fixture" : {
        "DataType" : "Fixture",
        "FixtureShape" : {
            "Type" : "PolygonShape",
            "Vertices" : [
                [
                    -10.494813845191617,
                    6.051510026311524
                ],
                [
                    10.494813845191617,
                    6.051510026311524
                ],
                [
                    10.494813845191617,
                    -6.051510026311524
                ],
                [
                    -10.494813845191617,
                    -6.051510026311524
                ]
            ]
        },
        "Friction" : 0.1,
        "Density" : 5.0,
        "Restitution" : 0.0,
        "MaskBits" : 1,
        "CategoryBits" : 32
    },
    "HullFixture" : {
        "DataType" : "Fixture",
        "FixtureShape" : {
            "Type" : "PolygonShape",
            "Vertices" : [
                [
                    -10.494813845191617,
                    6.0
                ],
                [
                    10.494813845191617,
                    4.0
                ],
                [
                    10.494813845191617,
                    -6.051510026311524
                ],
                [
                    -10.494813845191617,
                    -6.051510026311524
                ]
            ]
        },
        "Friction" : 0.1,
        "Density" : 5.0,
        "Restitution" : 0.0,
        "MaskBits" : 1,
        "CategoryBits" : 32
    },
    "Body2Fixture" : {
        "DataType" : "Fixture",
        "FixtureShape" : {
            "Type" : "PolygonShape",
            "Vertices" : [
                [
                    -10.494813845191617,
                    4.0
                ],
                [
                    10.494813845191617,
                    2.0
                ],
                [
                    10.494813845191617,
                    -6.051510026311524
                ],
                [
                    -10.494813845191617,
                    -6.051510026311524
                ]
            ]
        },
        "Friction" : 0.1,
        "Density" : 5.0,
        "Restitution" : 0.0,
        "MaskBits" : 1,
        "CategoryBits" : 32
    },
    "LegFixture" : {
        "DataType" : "Fixture",
        "FixtureShape" : {
            "Type" : "PolygonShape",
            "Vertices" : [
                [
                    -3.6364591340012025,
                    -19.500732674391127
                ],
                [
                    3.6364591340012025,
                    -19.500732674391127
                ],
                [
                    3.6364591340012025,
                    19.500732674391127
                ],
                [
                    -3.6364591340012025,
                    19.500732674391127
                ]
            ]
        },
        "Friction" : 0.2,
        "Density" : 1.0,
        "Restitution" : 0.0,
        "MaskBits" : 1,
        "CategoryBits" : 32
    },
    "LowerFixture" : {
        "DataType" : "Fixture",
        "FixtureShape" : {
            "Type" : "PolygonShape",
            "Vertices" : [
                [
                    -3.1712691580535726,
                    -20.234543407591225
                ],
                [
                    3.1712691580535726,
                    -20.234543407591225
                ],
                [
                    3.1712691580535726,
                    20.234543407591225
                ],
                [
                    -3.1712691580535726,
                    20.234543407591225
                ]
            ]
        },
        "Friction" : 0.2,
        "Density" : 1.0,
        "Restitution" : 0.0,
        "MaskBits" : 1,
        "CategoryBits" : 32
    },
    "Body0" : {
        "DataType" : "DynamicBody",
        "Position" : [
            60.494813845191615,
            179.47055216396473
        ],
        "Angle" : 0.0,
        "FixtureNames" : [
            "Body0Fixture"
        ],
        "Color1" : [
            0.5,
            0.4,
            0.9
        ],
        "Color2" : [
            0.3,
            0.3,
            0.5
        ],
        "CanTouchGround" : false,
        "InitialForceScale" : 5,
        "ReportState" : false,
        "Depth" : 0
    },
    "Hull" : {
        "DataType" : "DynamicBody",
        "Position" : [
            81.48444153557485,
            179.47055216396473
        ],
        "Angle" : 0.0,
        "FixtureNames" : [
            "HullFixture"
        ],
        "Color1" : [
            0.5,
            0.4,
            0.9
        ],
        "Color2" : [
            0.3,
            0.3,
            0.5
        ],
        "CanTouchGround" : false,
        "InitialForceScale" : 5,
        "ReportState" : true,
        "Depth" : 0
    },
    "Body2" : {
        "DataType" : "DynamicBody",
        "Position" : [
            102.47406922595808,
            179.47055216396473
        ],
        "Angle" : 0.0,
        "FixtureNames" : [
            "Body2Fixture"
        ],
        "Color1" : [
            0.5,
            0.4,
            0.9
        ],
        "Color2" : [
            0.3,
            0.3,
            0.5
        ],
        "CanTouchGround" : false,
        "InitialForceScale" : 5,
        "ReportState" : false,
        "Depth" : 0
    },
    "Leg-1" : {
        "DataType" : "DynamicBody",
        "Position" : [
            81.48444153557485,
            159.9698194895736
        ],
        "Angle" : -0.05,
        "FixtureNames" : [
            "LegFixture"
        ],
        "Color1" : [
            0.7,
            0.4,
            0.6
        ],
        "Color2" : [
            0.3,
            0.3,
            0.5
        ],
        "CanTouchGround" : true,
        "ReportState" : true,
        "Depth" : 0
    },
    "Lower-1" : {
        "DataType" : "DynamicBody",
        "Position" : [
            81.48444153557485,
            139.7352760819824
        ],
        "Angle" : -0.05,
        "FixtureNames" : [
            "LowerFixture"
        ],
        "Color1" : [
            0.7,
            0.4,
            0.6
        ],
        "Color2" : [
            0.3,
            0.3,
            0.5
        ],
        "CanTouchGround" : true,
        "ReportState" : true,
        "Depth" : 0
    },
    "Leg1" : {
        "DataType" : "DynamicBody",
        "Position" : [
            81.48444153557485,
            159.9698194895736
        ],
        "Angle" : 0.05,
        "FixtureNames" : [
            "LegFixture"
        ],
        "Color1" : [
            0.4,
            0.2,
            0.4
        ],
        "Color2" : [
            0.3,
            0.3,
            0.5
        ],
        "CanTouchGround" : true,
        "ReportState" : true,
        "Depth" : 1
    },
    "Lower1" : {
        "DataType" : "DynamicBody",
        "Position" : [
            81.48444153557485,
            139.7352760819824
        ],
        "Angle" : 0.05,
        "FixtureNames" : [
            "LowerFixture"
        ],
        "Color1" : [
            0.4,
            0.2,
            0.4
        ],
        "Color2" : [
            0.3,
            0.3,
            0.5
        ],
        "CanTouchGround" : true,
        "ReportState" : true,
        "Depth" : 1
    },
    "Body0HullJoint" : {
        "DataType" : "JointMotor",
        "BodyA" : "Body0",
        "BodyB" : "Hull",
        "LocalAnchorA" : [
            10.494813845191617,
            0
        ],
        "LocalAnchorB" : [
            -10.494813845191617,
            0
        ],
        "EnableMotor" : false,
        "EnableLimit" : true,
        "MaxMotorTorque" : 80,
        "MotorSpeed" : 0.0,
        "LowerAngle" : -0.5,
        "UpperAngle" : 0.2,
        "Speed" : 4,
        "ReportState" : false,
        "Depth" : 0
    },
    "HullBody2Joint" : {
        "DataType" : "JointMotor",
        "BodyA" : "Hull",
        "BodyB" : "Body2",