{
    "Body0Fixture" : {
        "DataType" : "Fixture",
        "FixtureShape" : {
            "Type" : "PolygonShape",
            "Vertices" : [
                [
                    -6.128805539683069,
                    8.540767196638248
                ],
                [
                    6.128805539683069,
                    8.540767196638248
                ],
                [
                    6.128805539683069,
                    -8.540767196638248
                ],
                [
                    -6.128805539683069,
                    -8.540767196638248
                ]
            ]
        },
        "Friction" : 0.1,
        "Density" : 5.0,
        "Restitution" : 0.0,
        "MaskBits" : 1,
        "CategoryBits" : 32
    },
    "Body1Fixture" : {
        "DataType" : "Fixture",
        "FixtureShape" : {
            "Type" : "PolygonShape",
            "Vertices" : [
                [
                    -6.128805539683069,
                    8.540767196638248
                ],
                [
                    6.128805539683069,
                    8.540767196638248
                ],
                [
                    6.128805539683069,
                    -8.540767196638248
                ],
                [
                    -6.128805539683069,
                    -8.540767196638248
                ]
            ]
        },
        "Friction" : 0.1,
        "Density" : 5.0,
        "Restitution" : 0.0,
        "MaskBits" : 1,
        "CategoryBits" : 32
    },
    "HullFixture" : {
        "DataType" : "Fixture",
        "FixtureShape" : {
            "Type" : "PolygonShape",
            "Vertices" : [
                [
                    -6.128805539683069,
                    8.540767196638248
                ],
                [
                    6.128805539683069,
                    8.540767196638248
                ],
                [
                    6.128805539683069,
                    -8.540767196638248
                ],
                [
                    -6.128805539683069,
                    -8.540767196638248
                ]
            ]
        },
        "Friction" : 0.1,
        "Density" : 5.0,
        "Restitution" : 0.0,
        "MaskBits" : 1,
        "CategoryBits" : 32
    },
    "Body3Fixture" : {
        "DataType" : "Fixture",
        "FixtureShape" : {
            "Type" : "PolygonShape",
            "Vertices" : [
                [
                    -6.128805539683069,
                    8.0
                ],
                [
                    6.128805539683069,
                    6.666666666666667
                ],
                [
                    6.128805539683069,
                    -8.540767196638248
                ],
                [
                    -6.128805539683069,
                    -8.540767196638248
                ]
            ]
        },
        "Friction" : 0.1,
        "Density" : 5.0,
        "Restitution" : 0.0,
        "MaskBits" : 1,
        "CategoryBits" : 32
    },
    "Body4Fixture" : {
        "DataType" : "Fixture",
        "FixtureShape" : {
            "Type" : "PolygonShape",
            "Vertices" : [
                [
                    -6.128805539683069,
                    6.666666666666667
                ],
                [
                    6.128805539683069,
                    5.333333333333334
                ],
                [
                    6.128805539683069,
                    -8.540767196638248
                ],
                [
                    -6.128805539683069,
                    -8.540767196638248
                ]
            ]
        },
        "Friction" : 0.1,
        "Density" : 5.0,
        "Restitution" : 0.0,
        "MaskBits" : 1,
        "CategoryBits" : 32
    },
    "Body5Fixture" : {
        "DataType" : "Fixture",
        "FixtureShape" : {
            "Type" : "PolygonShape",
            "Vertices" : [
                [
                    -6.128805539683069,
                    5.333333333333334
                ],
                [
                    6.128805539683069,
                    4.0
                ],
                [
                    6.128805539683069,
                    -8.540767196638248
                ],
                [
                    -6.128805539683069,
                    -8.540767196638248
                ]
            ]
        },
        "Friction" : 0.1,
        "Density" : 5.0,
        "Restitution" : 0.0,
        "MaskBits" : 1,
        "CategoryBits" : 32
    },
    "LegFixture" : {
        "DataType" : "Fixture",
        "FixtureShape" : {
            "Type" : "PolygonShape",
            "Vertices" : [
                [
                    -3.2394054757489847,
                    -15.59215220497847
                ],
                [
                    3.2394054757489847,
                    -15.59215220497847
                ],
                [
                    3.2394054757489847,
                    15.59215220497847
                ],
                [
                    -3.2394054757489847,
                    15.59215220497847
                ]
            ]
        },
        "Friction" : 0.2,
        "Density" : 1.0,
        "Restitution" : 0.0,
        "MaskBits" : 1,
        "CategoryBits" : 32
    },
    "LowerFixture" : {
        "DataType" : "Fixture",
        "FixtureShape" : {
            "Type" : "PolygonShape",
            "Vertices" : [
                [
                    -2.4450361172343666,
                    -21.169550777678488
                ],
                [
                    2.4450361172343666,
                    -21.169550777678488
                ],
                [
                    2.4450361172343666,
                    21.169550777678488
                ],
                [
                    -2.4450361172343666,
                    21.169550777678488
                ]
            ]
        },
        "Friction" : 0.2,
        "Density" : 1.0,
        "Restitution" : 0.0,
        "MaskBits" : 1,
        "CategoryBits" : 32
    },
    "Body0" : {
        "DataType" : "DynamicBody",
        "Position" : [
            56.12880553968307,
            173.52340596531394
        ],
        "Angle" : 0.0,
        "FixtureNames" : [
            "Body0Fixture"
        ],
        "Color1" : [
            0.5,
            0.4,
            0.9
        ],
        "Color2" : [
            0.3,
            0.3,
            0.5
        ],
        "CanTouchGround" : false,
        "InitialForceScale" : 5,
        "ReportState" : false,
        "Depth" : 0
    },
    "Body1" : {
        "DataType" : "DynamicBody",
        "Position" : [
            68.38641661904921,
            173.52340596531394
        ],
        "Angle" : 0.0,
        "FixtureNames" : [
            "Body1Fixture"
        ],
        "Color1" : [
            0.5,
            0.4,
            0.9
        ],
        "Color2" : [
            0.3,
            0.3,
            0.5
        ],
        "CanTouchGround" : false,
        "InitialForceScale" : 5,
        "ReportState" : false,
        "Depth" : 0
    },
    "Hull" : {
        "DataType" : "DynamicBody",
        "Position" : [
            80.64402769841536,
            173.52340596531394
        ],
        "Angle" : 0.0,
        "FixtureNames" : [
            "HullFixture"
        ],
        "Color1" : [
            0.5,
            0.4,
            0.9
        ],
        "Color2" : [
            0.3,
            0.3,
            0.5
        ],
        "CanTouchGround" : false,
        "InitialForceScale" : 5,
        "ReportState" : true,
        "Depth" : 0
    },
    "Body3" : {
        "DataType" : "DynamicBody",
        "Position" : [
            92.9016387777815,
            173.52340596531394
        ],
        "Angle" : 0.0,
        "FixtureNames" : [
            "Body3Fixture"
        ],