{
    "Body0Fixture" : {
        "DataType" : "Fixture",
        "FixtureShape" : {
            "Type" : "PolygonShape",
            "Vertices" : [
                [
                    -6.385199266548617,
                    9.226821735901478
                ],
                [
                    6.385199266548617,
                    9.226821735901478
                ],
                [
                    6.385199266548617,
                    -9.226821735901478
                ],
                [
                    -6.385199266548617,
                    -9.226821735901478
                ]
            ]
        },
        "Friction" : 0.1,
        "Density" : 5.0,
        "Restitution" : 0.0,
        "MaskBits" : 1,
        "CategoryBits" : 32
    },
    "Body1Fixture" : {
        "DataType" : "Fixture",
        "FixtureShape" : {
            "Type" : "PolygonShape",
            "Vertices" : [
                [
                    -6.385199266548617,
                    9.226821735901478
                ],
                [
                    6.385199266548617,
                    9.226821735901478
                ],
                [
                    6.385199266548617,
                    -9.226821735901478
                ],
                [
                    -6.385199266548617,
                    -9.226821735901478
                ]
            ]
        },
        "Friction" : 0.1,
        "Density" : 5.0,
        "Restitution" : 0.0,
        "MaskBits" : 1,
        "CategoryBits" : 32
    },
    "Body2Fixture" : {
        "DataType" : "Fixture",
        "FixtureShape" : {
            "Type" : "PolygonShape",
            "Vertices" : [
                [
                    -6.385199266548617,
                    9.226821735901478
                ],
                [
                    6.385199266548617,
                    9.226821735901478
                ],
                [
                    6.385199266548617,
                    -9.226821735901478
                ],
                [
                    -6.385199266548617,
                    -9.226821735901478
                ]
            ]
        },
        "Friction" : 0.1,
        "Density" : 5.0,
        "Restitution" : 0.0,
        "MaskBits" : 1,
        "CategoryBits" : 32
    },
    "Body3Fixture" : {
        "DataType" : "Fixture",
        "FixtureShape" : {
            "Type" : "PolygonShape",
            "Vertices" : [
                [
                    -6.385199266548617,
                    9.0
                ],
                [
                    6.385199266548617,
                    7.5
                ],
                [
                    6.385199266548617,
                    -9.226821735901478
                ],
                [
                    -6.385199266548617,
                    -9.226821735901478
                ]
            ]
        },
        "Friction" : 0.1,
        "Density" : 5.0,
        "Restitution" : 0.0,
        "MaskBits" : 1,
        "CategoryBits" : 32
    },
    "HullFixture" : {
        "DataType" : "Fixture",
        "FixtureShape" : {
            "Type" : "PolygonShape",
            "Vertices" : [
                [
                    -6.385199266548617,
                    7.5
                ],
                [
                    6.385199266548617,
                    6.0
                ],
                [
                    6.385199266548617,
                    -9.226821735901478
                ],
                [
                    -6.385199266548617,
                    -9.226821735901478
                ]
            ]
        },
        "Friction" : 0.1,
        "Density" : 5.0,
        "Restitution" : 0.0,
        "MaskBits" : 1,
        "CategoryBits" : 32
    },
    "Body5Fixture" : {
        "DataType" : "Fixture",
        "FixtureShape" : {
            "Type" : "PolygonShape",
            "Vertices" : [
                [
                    -6.385199266548617,
                    6.0
                ],
                [
                    6.385199266548617,
                    4.5
                ],
                [
                    6.385199266548617,
                    -9.226821735901478
                ],
                [
                    -6.385199266548617,
                    -9.226821735901478
                ]
            ]
        },
        "Friction" : 0.1,
        "Density" : 5.0,
        "Restitution" : 0.0,
        "MaskBits" : 1,
        "CategoryBits" : 32
    },
    "LegFixture" : {
        "DataType" : "Fixture",
        "FixtureShape" : {
            "Type" : "PolygonShape",
            "Vertices" : [
                [
                    -3.744507240168695,
                    -17.2123405637881
                ],
                [
                    3.744507240168695,
                    -17.2123405637881
                ],
                [
                    3.744507240168695,
                    17.2123405637881
                ],
                [
                    -3.744507240168695,
                    17.2123405637881
                ]
            ]
        },
        "Friction" : 0.2,
        "Density" : 1.0,
        "Restitution" : 0.0,
        "MaskBits" : 1,
        "CategoryBits" : 32
    },
    "LowerFixture" : {
        "DataType" : "Fixture",
        "FixtureShape" : {
            "Type" : "PolygonShape",
            "Vertices" : [
                [
                    -3.8063890488252032,
                    -20.489933910490524
                ],
                [
                    3.8063890488252032,
                    -20.489933910490524
                ],
                [
                    3.8063890488252032,
                    20.489933910490524
                ],
                [
                    -3.8063890488252032,
                    20.489933910490524
                ]
            ]
        },
        "Friction" : 0.2,
        "Density" : 1.0,
        "Restitution" : 0.0,
        "MaskBits" : 1,
        "CategoryBits" : 32
    },
    "Body0" : {
        "DataType" : "DynamicBody",
        "Position" : [
            56.38519926654861,
            175.40454894855725
        ],
        "Angle" : 0.0,
        "FixtureNames" : [
            "Body0Fixture"
        ],
        "Color1" : [
            0.5,
            0.4,
            0.9
        ],
        "Color2" : [
            0.3,
            0.3,
            0.5
        ],
        "CanTouchGround" : false,
        "InitialForceScale" : 5,
        "ReportState" : false,
        "Depth" : 0
    },
    "Body1" : {
        "DataType" : "DynamicBody",
        "Position" : [
            69.15559779964585,
            175.40454894855725
        ],
        "Angle" : 0.0,
        "FixtureNames" : [
            "Body1Fixture"
        ],
        "Color1" : [
            0.5,
            0.4,
            0.9
        ],
        "Color2" : [
            0.3,
            0.3,
            0.5
        ],
        "CanTouchGround" : false,
        "InitialForceScale" : 5,
        "ReportState" : false,
        "Depth" : 0
    },
    "Body2" : {
        "DataType" : "DynamicBody",
        "Position" : [
            81.92599633274308,
            175.40454894855725
        ],
        "Angle" : 0.0,
        "FixtureNames" : [
            "Body2Fixture"
        ],
        "Color1" : [
            0.5,
            0.4,
            0.9
        ],
        "Color2" : [
            0.3,
            0.3,
            0.5
        ],
        "CanTouchGround" : false,
        "InitialForceScale" : 5,
        "ReportState" : false,
        "Depth" : 0
    },
    "Body3" : {
        "DataType" : "DynamicBody",
        "Position" : [
            94.69639486584032,
            175.40454894855725
        ],
        "Angle" : 0.0,
        "FixtureNames" : [
            "Body3Fixture"
        ],
        "Color1" : [
            0.5,
            0.4,
            0.9
        ],