{
    "Body0Fixture" : {
        "DataType" : "Fixture",
        "FixtureShape" : {
            "Type" : "PolygonShape",
            "Vertices" : [
                [
                    -5.525852044553058,
                    9.55817983803183
                ],
                [
                    5.525852044553058,
                    9.55817983803183
                ],
                [
                    5.525852044553058,
                    -9.55817983803183
                ],
                [
                    -5.525852044553058,
                    -9.55817983803183
                ]
            ]
        },
        "Friction" : 0.1,
        "Density" : 5.0,
        "Restitution" : 0.0,
        "MaskBits" : 1,
        "CategoryBits" : 32
    },
    "Body1Fixture" : {
        "DataType" : "Fixture",
        "FixtureShape" : {
            "Type" : "PolygonShape",
            "Vertices" : [
                [
                    -5.525852044553058,
                    9.55817983803183
                ],
                [
                    5.525852044553058,
                    9.55817983803183
                ],
                [
                    5.525852044553058,
                    -9.55817983803183
                ],
                [
                    -5.525852044553058,
                    -9.55817983803183
                ]
            ]
        },
        "Friction" : 0.1,
        "Density" : 5.0,
        "Restitution" : 0.0,
        "MaskBits" : 1,
        "CategoryBits" : 32
    },
    "HullFixture" : {
        "DataType" : "Fixture",
        "FixtureShape" : {
            "Type" : "PolygonShape",
            "Vertices" : [
                [
                    -5.525852044553058,
                    9.55817983803183
                ],
                [
                    5.525852044553058,
                    9.55817983803183
                ],
                [
                    5.525852044553058,
                    -9.55817983803183
                ],
                [
                    -5.525852044553058,
                    -9.55817983803183
                ]
            ]
        },
        "Friction" : 0.1,
        "Density" : 5.0,
        "Restitution" : 0.0,
        "MaskBits" : 1,
        "CategoryBits" : 32
    },
    "Body3Fixture" : {
        "DataType" : "Fixture",
        "FixtureShape" : {
            "Type" : "PolygonShape",
            "Vertices" : [
                [
                    -5.525852044553058,
                    9.0
                ],
                [
                    5.525852044553058,
                    7.5
                ],
                [
                    5.525852044553058,
                    -9.55817983803183
                ],
                [
                    -5.525852044553058,
                    -9.55817983803183
                ]
            ]
        },
        "Friction" : 0.1,
        "Density" : 5.0,
        "Restitution" : 0.0,
        "MaskBits" : 1,
        "CategoryBits" : 32
    },
    "Body4Fixture" : {
        "DataType" : "Fixture",
        "FixtureShape" : {
            "Type" : "PolygonShape",
            "Vertices" : [
                [
                    -5.525852044553058,
                    7.5
                ],
                [
                    5.525852044553058,
                    6.0
                ],
                [
                    5.525852044553058,
                    -9.55817983803183
                ],
                [
                    -5.525852044553058,
                    -9.55817983803183
                ]
            ]
        },
        "Friction" : 0.1,
        "Density" : 5.0,
        "Restitution" : 0.0,
        "MaskBits" : 1,
        "CategoryBits" : 32
    },
    "Body5Fixture" : {
        "DataType" : "Fixture",
        "FixtureShape" : {
            "Type" : "PolygonShape",
            "Vertices" : [
                [
                    -5.525852044553058,
                    6.0
                ],
                [
                    5.525852044553058,
                    4.5
                ],
                [
                    5.525852044553058,
                    -9.55817983803183
                ],
                [
                    -5.525852044553058,
                    -9.55817983803183
                ]
            ]
        },
        "Friction" : 0.1,
        "Density" : 5.0,
        "Restitution" : 0.0,
        "MaskBits" : 1,
        "CategoryBits" : 32
    },
    "LegFixture" : {
        "DataType" : "Fixture",
        "FixtureShape" : {
            "Type" : "PolygonShape",
            "Vertices" : [
                [
                    -4.038778092195718,
                    -17.536073687568916
                ],
                [
                    4.038778092195718,
                    -17.536073687568916
                ],
                [
                    4.038778092195718,
                    17.536073687568916
                ],
                [
                    -4.038778092195718,
                    17.536073687568916
                ]
            ]
        },
        "Friction" : 0.2,
        "Density" : 1.0,
        "Restitution" : 0.0,
        "MaskBits" : 1,
        "CategoryBits" : 32
    },
    "LowerFixture" : {
        "DataType" : "Fixture",
        "FixtureShape" : {
            "Type" : "PolygonShape",
            "Vertices" : [
                [
                    -3.889806182972575,
                    -13.37243944850436
                ],
                [
                    3.889806182972575,
                    -13.37243944850436
                ],
                [
                    3.889806182972575,
                    13.37243944850436
                ],
                [
                    -3.889806182972575,
                    13.37243944850436
                ]
            ]
        },
        "Friction" : 0.2,
        "Density" : 1.0,
        "Restitution" : 0.0,
        "MaskBits" : 1,
        "CategoryBits" : 32
    },
    "Body0" : {
        "DataType" : "DynamicBody",
        "Position" : [
            55.525852044553055,
            161.81702627214656
        ],
        "Angle" : 0.0,
        "FixtureNames" : [
            "Body0Fixture"
        ],
        "Color1" : [
            0.5,
            0.4,
            0.9
        ],
        "Color2" : [
            0.3,
            0.3,
            0.5
        ],
        "CanTouchGround" : false,
        "InitialForceScale" : 5,
        "ReportState" : false,
        "Depth" : 0
    },
    "Body1" : {
        "DataType" : "DynamicBody",
        "Position" : [
            66.57755613365917,
            161.81702627214656
        ],
        "Angle" : 0.0,
        "FixtureNames" : [
            "Body1Fixture"
        ],
        "Color1" : [
            0.5,
            0.4,
            0.9
        ],
        "Color2" : [
            0.3,
            0.3,
            0.5
        ],
        "CanTouchGround" : false,
        "InitialForceScale" : 5,
        "ReportState" : false,
        "Depth" : 0
    },
    "Hull" : {
        "DataType" : "DynamicBody",
        "Position" : [
            77.62926022276528,
            161.81702627214656
        ],
        "Angle" : 0.0,
        "FixtureNames" : [
            "HullFixture"
        ],
        "Color1" : [
            0.5,
            0.4,
            0.9
        ],
        "Color2" : [
            0.3,
            0.3,
            0.5
        ],
        "CanTouchGround" : false,
        "InitialForceScale" : 5,
        "ReportState" : true,
        "Depth" : 0
    },
    "Body3" : {
        "DataType" : "DynamicBody",
        "Position" : [
            88.68096431187139,
            161.81702627214656
        ],
        "Angle" : 0.0,
        "FixtureNames" : [
            "Body3Fixture"
        ],
        "Color1" : [
            0.5,
            0.4,
            0.9
        ],