{
    "Body0Fixture" : {
        "DataType" : "Fixture",
        "FixtureShape" : {
            "Type" : "PolygonShape",
            "Vertices" : [
                [
                    -5.0373057460143995,
                    7.214521016733038
                ],
                [
                    5.0373057460143995,
                    7.214521016733038
                ],
                [
                    5.0373057460143995,
                    -7.214521016733038
                ],
                [
                    -5.0373057460143995,
                    -7.214521016733038
                ]
            ]
        },
        "Friction" : 0.1,
        "Density" : 5.0,
        "Restitution" : 0.0,
        "MaskBits" : 1,
        "CategoryBits" : 32
    },
    "Body1Fixture" : {
        "DataType" : "Fixture",
        "FixtureShape" : {
            "Type" : "PolygonShape",
            "Vertices" : [
                [
                    -5.0373057460143995,
                    7.214521016733038
                ],
                [
                    5.0373057460143995,
                    7.214521016733038
                ],
                [
                    5.0373057460143995,
                    -7.214521016733038
                ],
                [
                    -5.0373057460143995,
                    -7.214521016733038
                ]
            ]
        },
        "Friction" : 0.1,
        "Density" : 5.0,
        "Restitution" : 0.0,
        "MaskBits" : 1,
        "CategoryBits" : 32
    },
    "Body2Fixture" : {
        "DataType" : "Fixture",
        "FixtureShape" : {
            "Type" : "PolygonShape",
            "Vertices" : [
                [
                    -5.0373057460143995,
                    7.214521016733038
                ],
                [
                    5.0373057460143995,
                    7.214521016733038
                ],
                [
                    5.0373057460143995,
                    -7.214521016733038
                ],
                [
                    -5.0373057460143995,
                    -7.214521016733038
                ]
            ]
        },
        "Friction" : 0.1,
        "Density" : 5.0,
        "Restitution" : 0.0,
        "MaskBits" : 1,
        "CategoryBits" : 32
    },
    "Body3Fixture" : {
        "DataType" : "Fixture",
        "FixtureShape" : {
            "Type" : "PolygonShape",
            "Vertices" : [
                [
                    -5.0373057460143995,
                    7.0
                ],
                [
                    5.0373057460143995,
                    5.833333333333333
                ],
                [
                    5.0373057460143995,
                    -7.214521016733038
                ],
                [
                    -5.0373057460143995,
                    -7.214521016733038
                ]
            ]
        },
        "Friction" : 0.1,
        "Density" : 5.0,
        "Restitution" : 0.0,
        "MaskBits" : 1,
        "CategoryBits" : 32
    },
    "HullFixture" : {
        "DataType" : "Fixture",
        "FixtureShape" : {
            "Type" : "PolygonShape",
            "Vertices" : [
                [
                    -5.0373057460143995,
                    5.833333333333333
                ],
                [
                    5.0373057460143995,
                    4.666666666666666
                ],
                [
                    5.0373057460143995,
                    -7.214521016733038
                ],
                [
                    -5.0373057460143995,
                    -7.214521016733038
                ]
            ]
        },
        "Friction" : 0.1,
        "Density" : 5.0,
        "Restitution" : 0.0,
        "MaskBits" : 1,
        "CategoryBits" : 32
    },
    "Body5Fixture" : {
        "DataType" : "Fixture",
        "FixtureShape" : {
            "Type" : "PolygonShape",
            "Vertices" : [
                [
                    -5.0373057460143995,
                    4.666666666666666
                ],
                [
                    5.0373057460143995,
                    3.5
                ],
                [
                    5.0373057460143995,
                    -7.214521016733038
                ],
                [
                    -5.0373057460143995,
                    -7.214521016733038
                ]
            ]
        },
        "Friction" : 0.1,
        "Density" : 5.0,
        "Restitution" : 0.0,
        "MaskBits" : 1,
        "CategoryBits" : 32
    },
    "LegFixture" : {
        "DataType" : "Fixture",
        "FixtureShape" : {
            "Type" : "PolygonShape",
            "Vertices" : [
                [
                    -4.284959391374232,
                    -14.348768499813001
                ],
                [
                    4.284959391374232,
                    -14.348768499813001
                ],
                [
                    4.284959391374232,
                    14.348768499813001
                ],
                [
                    -4.284959391374232,
                    14.348768499813001
                ]
            ]
        },
        "Friction" : 0.2,
        "Density" : 1.0,
        "Restitution" : 0.0,
        "MaskBits" : 1,
        "CategoryBits" : 32
    },
    "LowerFixture" : {
        "DataType" : "Fixture",
        "FixtureShape" : {
            "Type" : "PolygonShape",
            "Vertices" : [
                [
                    -3.132428117727414,
                    -14.069788299105285
                ],
                [
                    3.132428117727414,
                    -14.069788299105285
                ],
                [
                    3.132428117727414,
                    14.069788299105285
                ],
                [
                    -3.132428117727414,
                    14.069788299105285
                ]
            ]
        },
        "Friction" : 0.2,
        "Density" : 1.0,
        "Restitution" : 0.0,
        "MaskBits" : 1,
        "CategoryBits" : 32
    },
    "Body0" : {
        "DataType" : "DynamicBody",
        "Position" : [
            55.0373057460144,
            156.83711359783658
        ],
        "Angle" : 0.0,
        "FixtureNames" : [
            "Body0Fixture"
        ],
        "Color1" : [
            0.5,
            0.4,
            0.9
        ],
        "Color2" : [
            0.3,
            0.3,
            0.5
        ],
        "CanTouchGround" : false,
        "InitialForceScale" : 5,
        "ReportState" : false,
        "Depth" : 0
    },
    "Body1" : {
        "DataType" : "DynamicBody",
        "Position" : [
            65.11191723804319,
            156.83711359783658
        ],
        "Angle" : 0.0,
        "FixtureNames" : [
            "Body1Fixture"
        ],
        "Color1" : [
            0.5,
            0.4,
            0.9
        ],
        "Color2" : [
            0.3,
            0.3,
            0.5
        ],
        "CanTouchGround" : false,
        "InitialForceScale" : 5,
        "ReportState" : false,
        "Depth" : 0
    },
    "Body2" : {
        "DataType" : "DynamicBody",
        "Position" : [
            75.18652873007198,
            156.83711359783658
        ],
        "Angle" : 0.0,
        "FixtureNames" : [
            "Body2Fixture"
        ],
        "Color1" : [
            0.5,
            0.4,
            0.9
        ],
        "Color2" : [
            0.3,
            0.3,
            0.5
        ],
        "CanTouchGround" : false,
        "InitialForceScale" : 5,
        "ReportState" : false,
        "Depth" : 0
    },
    "Body3" : {
        "DataType" : "DynamicBody",
        "Position" : [
            85.26114022210078,
            156.83711359783658
        ],
        "Angle" : 0.0,
        "FixtureNames" : [
            "Body3Fixture"
        ],