{
    "Body0Fixture" : {
        "DataType" : "Fixture",
        "FixtureShape" : {
            "Type" : "PolygonShape",
            "Vertices" : [
                [
                    -6.540060998497822,
                    9.102661052697204
                ],
                [
                    6.540060998497822,
                    9.102661052697204
                ],
                [
                    6.540060998497822,
                    -9.102661052697204
                ],
                [
                    -6.540060998497822,
                    -9.102661052697204
                ]
            ]
        },
        "Friction" : 0.1,
        "Density" : 5.0,
        "Restitution" : 0.0,
        "MaskBits" : 1,
        "CategoryBits" : 32
    },
    "HullFixture" : {
        "DataType" : "Fixture",
        "FixtureShape" : {
            "Type" : "PolygonShape",
            "Vertices" : [
                [
                    -6.540060998497822,
                    9.102661052697204
                ],
                [
                    6.540060998497822,
                    9.102661052697204
                ],
                [
                    6.540060998497822,
                    -9.102661052697204
                ],
                [
                    -6.540060998497822,
                    -9.102661052697204
                ]
            ]
        },
        "Friction" : 0.1,
        "Density" : 5.0,
        "Restitution" : 0.0,
        "MaskBits" : 1,
        "CategoryBits" : 32
    },
    "Body2Fixture" : {
        "DataType" : "Fixture",
        "FixtureShape" : {
            "Type" : "PolygonShape",
            "Vertices" : [
                [
                    -6.540060998497822,
                    9.102661052697204
                ],
                [
                    6.540060998497822,
                    9.102661052697204
                ],
                [
                    6.540060998497822,
                    -9.102661052697204
                ],
                [
                    -6.540060998497822,
                    -9.102661052697204
                ]
            ]
        },
        "Friction" : 0.1,
        "Density" : 5.0,
        "Restitution" : 0.0,
        "MaskBits" : 1,
        "CategoryBits" : 32
    },
    "Body3Fixture" : {
        "DataType" : "Fixture",
        "FixtureShape" : {
            "Type" : "PolygonShape",
            "Vertices" : [
                [
                    -6.540060998497822,
                    9.0
                ],
                [
                    6.540060998497822,
                    7.5
                ],
                [
                    6.540060998497822,
                    -9.102661052697204
                ],
                [
                    -6.540060998497822,
                    -9.102661052697204
                ]
            ]
        },
        "Friction" : 0.1,
        "Density" : 5.0,
        "Restitution" : 0.0,
        "MaskBits" : 1,
        "CategoryBits" : 32
    },
    "Body4Fixture" : {
        "DataType" : "Fixture",
        "FixtureShape" : {
            "Type" : "PolygonShape",
            "Vertices" : [
                [
                    -6.540060998497822,
                    7.5
                ],
                [
                    6.540060998497822,
                    6.0
                ],
                [
                    6.540060998497822,
                    -9.102661052697204
                ],
                [
                    -6.540060998497822,
                    -9.102661052697204
                ]
            ]
        },
        "Friction" : 0.1,
        "Density" : 5.0,
        "Restitution" : 0.0,
        "MaskBits" : 1,
        "CategoryBits" : 32
    },
    "Body5Fixture" : {
        "DataType" : "Fixture",
        "FixtureShape" : {
            "Type" : "PolygonShape",
            "Vertices" : [
                [
                    -6.540060998497822,
                    6.0
                ],
                [
                    6.540060998497822,
                    4.5
                ],
                [
                    6.540060998497822,
                    -9.102661052697204
                ],
                [
                    -6.540060998497822,
                    -9.102661052697204
                ]
            ]
        },
        "Friction" : 0.1,
        "Density" : 5.0,
        "Restitution" : 0.0,
        "MaskBits" : 1,
        "CategoryBits" : 32
    },
    "LegFixture" : {
        "DataType" : "Fixture",
        "FixtureShape" : {
            "Type" : "PolygonShape",
            "Vertices" : [
                [
                    -4.193418762477623,
                    -13.512210349898146
                ],
                [
                    4.193418762477623,
                    -13.512210349898146
                ],
                [
                    4.193418762477623,
                    13.512210349898146
                ],
                [
                    -4.193418762477623,
                    13.512210349898146
                ]
            ]
        },
        "Friction" : 0.2,
        "Density" : 1.0,
        "Restitution" : 0.0,
        "MaskBits" : 1,
        "CategoryBits" : 32
    },
    "LowerFixture" : {
        "DataType" : "Fixture",
        "FixtureShape" : {
            "Type" : "PolygonShape",
            "Vertices" : [
                [
                    -2.66887376541355,
                    -18.585026825521552
                ],
                [
                    2.66887376541355,
                    -18.585026825521552
                ],
                [
                    2.66887376541355,
                    18.585026825521552
                ],
                [
                    -2.66887376541355,
                    18.585026825521552
                ]
            ]
        },
        "Friction" : 0.2,
        "Density" : 1.0,
        "Restitution" : 0.0,
        "MaskBits" : 1,
        "CategoryBits" : 32
    },
    "Body0" : {
        "DataType" : "DynamicBody",
        "Position" : [
            56.54006099849782,
            164.1944743508394
        ],
        "Angle" : 0.0,
        "FixtureNames" : [
            "Body0Fixture"
        ],
        "Color1" : [
            0.5,
            0.4,
            0.9
        ],
        "Color2" : [
            0.3,
            0.3,
            0.5
        ],
        "CanTouchGround" : false,
        "InitialForceScale" : 5,
        "ReportState" : false,
        "Depth" : 0
    },
    "Hull" : {
        "DataType" : "DynamicBody",
        "Position" : [
            69.62018299549347,
            164.1944743508394
        ],
        "Angle" : 0.0,
        "FixtureNames" : [
            "HullFixture"
        ],
        "Color1" : [
            0.5,
            0.4,
            0.9
        ],
        "Color2" : [
            0.3,
            0.3,
            0.5
        ],
        "CanTouchGround" : false,
        "InitialForceScale" : 5,
        "ReportState" : true,
        "Depth" : 0
    },
    "Body2" : {
        "DataType" : "DynamicBody",
        "Position" : [
            82.70030499248911,
            164.1944743508394
        ],
        "Angle" : 0.0,
        "FixtureNames" : [
            "Body2Fixture"
        ],
        "Color1" : [
            0.5,
            0.4,
            0.9
        ],
        "Color2" : [
            0.3,
            0.3,
            0.5
        ],
        "CanTouchGround" : false,
        "InitialForceScale" : 5,
        "ReportState" : false,
        "Depth" : 0
    },
    "Body3" : {
        "DataType" : "DynamicBody",
        "Position" : [
            95.78042698948475,
            164.1944743508394
        ],
        "Angle" : 0.0,
        "FixtureNames" : [
            "Body3Fixture"
        ],
        "Color1" : [
            0.5,
            0.4,
            0.9
        ],