{
    "Body0Fixture" : {
        "DataType" : "Fixture",
        "FixtureShape" : {
            "Type" : "PolygonShape",
            "Vertices" : [
                [
                    -6.288308756602276,
                    9.304065595510561
                ],
                [
                    6.288308756602276,
                    9.304065595510561
                ],
                [
                    6.288308756602276,
                    -9.304065595510561
                ],
                [
                    -6.288308756602276,
                    -9.304065595510561
                ]
            ]
        },
        "Friction" : 0.1,
        "Density" : 5.0,
        "Restitution" : 0.0,
        "MaskBits" : 1,
        "CategoryBits" : 32
    },
    "HullFixture" : {
        "DataType" : "Fixture",
        "FixtureShape" : {
            "Type" : "PolygonShape",
            "Vertices" : [
                [
                    -6.288308756602276,
                    9.304065595510561
                ],
                [
                    6.288308756602276,
                    9.304065595510561
                ],
                [
                    6.288308756602276,
                    -9.304065595510561
                ],
                [
                    -6.288308756602276,
                    -9.304065595510561
                ]
            ]
        },
        "Friction" : 0.1,
        "Density" : 5.0,
        "Restitution" : 0.0,
        "MaskBits" : 1,
        "CategoryBits" : 32
    },
    "Body2Fixture" : {
        "DataType" : "Fixture",
        "FixtureShape" : {
            "Type" : "PolygonShape",
            "Vertices" : [
                [
                    -6.288308756602276,
                    9.304065595510561
                ],
                [
                    6.288308756602276,
                    9.304065595510561
                ],
                [
                    6.288308756602276,
                    -9.304065595510561
                ],
                [
                    -6.288308756602276,
                    -9.304065595510561
                ]
            ]
        },
        "Friction" : 0.1,
        "Density" : 5.0,
        "Restitution" : 0.0,
        "MaskBits" : 1,
        "CategoryBits" : 32
    },
    "Body3Fixture" : {
        "DataType" : "Fixture",
        "FixtureShape" : {
            "Type" : "PolygonShape",
            "Vertices" : [
                [
                    -6.288308756602276,
                    9.0
                ],
                [
                    6.288308756602276,
                    7.5
                ],
                [
                    6.288308756602276,
                    -9.304065595510561
                ],
                [
                    -6.288308756602276,
                    -9.304065595510561
                ]
            ]
        },
        "Friction" : 0.1,
        "Density" : 5.0,
        "Restitution" : 0.0,
        "MaskBits" : 1,
        "CategoryBits" : 32
    },
    "Body4Fixture" : {
        "DataType" : "Fixture",
        "FixtureShape" : {
            "Type" : "PolygonShape",
            "Vertices" : [
                [
                    -6.288308756602276,
                    7.5
                ],
                [
                    6.288308756602276,
                    6.0
                ],
                [
                    6.288308756602276,
                    -9.304065595510561
                ],
                [
                    -6.288308756602276,
                    -9.304065595510561
                ]
            ]
        },
        "Friction" : 0.1,
        "Density" : 5.0,
        "Restitution" : 0.0,
        "MaskBits" : 1,
        "CategoryBits" : 32
    },
    "Body5Fixture" : {
        "DataType" : "Fixture",
        "FixtureShape" : {
            "Type" : "PolygonShape",
            "Vertices" : [
                [
                    -6.288308756602276,
                    6.0
                ],
                [
                    6.288308756602276,
                    4.5
                ],
                [
                    6.288308756602276,
                    -9.304065595510561
                ],
                [
                    -6.288308756602276,
                    -9.304065595510561
                ]
            ]
        },
        "Friction" : 0.1,
        "Density" : 5.0,
        "Restitution" : 0.0,
        "MaskBits" : 1,
        "CategoryBits" : 32
    },
    "LegFixture" : {
        "DataType" : "Fixture",
        "FixtureShape" : {
            "Type" : "PolygonShape",
            "Vertices" : [
                [
                    -3.01100856048499,
                    -16.670423633884482
                ],
                [
                    3.01100856048499,
                    -16.670423633884482
                ],
                [
                    3.01100856048499,
                    16.670423633884482
                ],
                [
                    -3.01100856048499,
                    16.670423633884482
                ]
            ]
        },
        "Friction" : 0.2,
        "Density" : 1.0,
        "Restitution" : 0.0,
        "MaskBits" : 1,
        "CategoryBits" : 32
    },
    "LowerFixture" : {
        "DataType" : "Fixture",
        "FixtureShape" : {
            "Type" : "PolygonShape",
            "Vertices" : [
                [
                    -3.727973124142537,
                    -19.840221374385457
                ],
                [
                    3.727973124142537,
                    -19.840221374385457
                ],
                [
                    3.727973124142537,
                    19.840221374385457
                ],
                [
                    -3.727973124142537,
                    19.840221374385457
                ]
            ]
        },
        "Friction" : 0.2,
        "Density" : 1.0,
        "Restitution" : 0.0,
        "MaskBits" : 1,
        "CategoryBits" : 32
    },
    "Body0" : {
        "DataType" : "DynamicBody",
        "Position" : [
            56.288308756602284,
            173.02129001653987
        ],
        "Angle" : 0.0,
        "FixtureNames" : [
            "Body0Fixture"
        ],
        "Color1" : [
            0.5,
            0.4,
            0.9
        ],
        "Color2" : [
            0.3,
            0.3,
            0.5
        ],
        "CanTouchGround" : false,
        "InitialForceScale" : 5,
        "ReportState" : false,
        "Depth" : 0
    },
    "Hull" : {
        "DataType" : "DynamicBody",
        "Position" : [
            68.86492626980683,
            173.02129001653987
        ],
        "Angle" : 0.0,
        "FixtureNames" : [
            "HullFixture"
        ],
        "Color1" : [
            0.5,
            0.4,
            0.9
        ],
        "Color2" : [
            0.3,
            0.3,
            0.5
        ],
        "CanTouchGround" : false,
        "InitialForceScale" : 5,
        "ReportState" : true,
        "Depth" : 0
    },
    "Body2" : {
        "DataType" : "DynamicBody",
        "Position" : [
            81.44154378301138,
            173.02129001653987
        ],
        "Angle" : 0.0,
        "FixtureNames" : [
            "Body2Fixture"
        ],
        "Color1" : [
            0.5,
            0.4,
            0.9
        ],
        "Color2" : [
            0.3,
            0.3,
            0.5
        ],
        "CanTouchGround" : false,
        "InitialForceScale" : 5,
        "ReportState" : false,
        "Depth" : 0
    },
    "Body3" : {
        "DataType" : "DynamicBody",
        "Position" : [
            94.01816129621594,
            173.02129001653987
        ],
        "Angle" : 0.0,
        "FixtureNames" : [
            "Body3Fixture"
        ],
        "Color1" : [
            0.5,
            0.4,
            0.9
        ],