{
    "Body0Fixture" : {
        "DataType" : "Fixture",
        "FixtureShape" : {
            "Type" : "PolygonShape",
            "Vertices" : [
                [
                    -6.992233960576371,
                    8.33328442283084
                ],
                [
                    6.992233960576371,
                    8.33328442283084
                ],
                [
                    6.992233960576371,
                    -8.33328442283084
                ],
                [
                    -6.992233960576371,
                    -8.33328442283084
                ]
            ]
        },
        "Friction" : 0.1,
        "Density" : 5.0,
        "Restitution" : 0.0,
        "MaskBits" : 1,
        "CategoryBits" : 32
    },
    "Body1Fixture" : {
        "DataType" : "Fixture",
        "FixtureShape" : {
            "Type" : "PolygonShape",
            "Vertices" : [
                [
                    -6.992233960576371,
                    8.33328442283084
                ],
                [
                    6.992233960576371,
                    8.33328442283084
                ],
                [
                    6.992233960576371,
                    -8.33328442283084
                ],
                [
                    -6.992233960576371,
                    -8.33328442283084
                ]
            ]
        },
        "Friction" : 0.1,
        "Density" : 5.0,
        "Restitution" : 0.0,
        "MaskBits" : 1,
        "CategoryBits" : 32
    },
    "Body2Fixture" : {
        "DataType" : "Fixture",
        "FixtureShape" : {
            "Type" : "PolygonShape",
            "Vertices" : [
                [
                    -6.992233960576371,
                    8.0
                ],
                [
                    6.992233960576371,
                    6.0
                ],
                [
                    6.992233960576371,
                    -8.33328442283084
                ],
                [
                    -6.992233960576371,
                    -8.33328442283084
                ]
            ]
        },
        "Friction" : 0.1,
        "Density" : 5.0,
        "Restitution" : 0.0,
        "MaskBits" : 1,
        "CategoryBits" : 32
    },
    "HullFixture" : {
        "DataType" : "Fixture",
        "FixtureShape" : {
            "Type" : "PolygonShape",
            "Vertices" : [
                [
                    -6.992233960576371,
                    6.0
                ],
                [
                    6.992233960576371,
                    4.0
                ],
                [
                    6.992233960576371,
                    -8.33328442283084
                ],
                [
                    -6.992233960576371,
                    -8.33328442283084
                ]
            ]
        },
        "Friction" : 0.1,
        "Density" : 5.0,
        "Restitution" : 0.0,
        "MaskBits" : 1,
        "CategoryBits" : 32
    },
    "LegFixture" : {
        "DataType" : "Fixture",
        "FixtureShape" : {
            "Type" : "PolygonShape",
            "Vertices" : [
                [
                    -3.8205613822300464,
                    -16.826335745204002
                ],
                [
                    3.8205613822300464,
                    -16.826335745204002
                ],
                [
                    3.8205613822300464,
                    16.826335745204002
                ],
                [
                    -3.8205613822300464,
                    16.826335745204002
                ]
            ]
        },
        "Friction" : 0.2,
        "Density" : 1.0,
        "Restitution" : 0.0,
        "MaskBits" : 1,
        "CategoryBits" : 32
    },
    "LowerFixture" : {
        "DataType" : "Fixture",
        "FixtureShape" : {
            "Type" : "PolygonShape",
            "Vertices" : [
                [
                    -3.8186549634421283,
                    -13.707245706635362
                ],
                [
                    3.8186549634421283,
                    -13.707245706635362
                ],
                [
                    3.8186549634421283,
                    13.707245706635362
                ],
                [
                    -3.8186549634421283,
                    13.707245706635362
                ]
            ]
        },
        "Friction" : 0.2,
        "Density" : 1.0,
        "Restitution" : 0.0,
        "MaskBits" : 1,
        "CategoryBits" : 32
    },
    "Body0" : {
        "DataType" : "DynamicBody",
        "Position" : [
            56.99223396057637,
            161.06716290367874
        ],
        "Angle" : 0.0,
        "FixtureNames" : [
            "Body0Fixture"
        ],
        "Color1" : [
            0.5,
            0.4,
            0.9
        ],
        "Color2" : [
            0.3,
            0.3,
            0.5
        ],
        "CanTouchGround" : false,
        "InitialForceScale" : 5,
        "ReportState" : false,
        "Depth" : 0
    },
    "Body1" : {
        "DataType" : "DynamicBody",
        "Position" : [
            70.97670188172911,
            161.06716290367874
        ],
        "Angle" : 0.0,
        "FixtureNames" : [
            "Body1Fixture"
        ],
        "Color1" : [
            0.5,
            0.4,
            0.9
        ],
        "Color2" : [
            0.3,
            0.3,
            0.5
        ],
        "CanTouchGround" : false,
        "InitialForceScale" : 5,
        "ReportState" : false,
        "Depth" : 0
    },
    "Body2" : {
        "DataType" : "DynamicBody",
        "Position" : [
            84.96116980288186,
            161.06716290367874
        ],
        "Angle" : 0.0,
        "FixtureNames" : [
            "Body2Fixture"
        ],
        "Color1" : [
            0.5,
            0.4,
            0.9
        ],
        "Color2" : [
            0.3,
            0.3,
            0.5
        ],
        "CanTouchGround" : false,
        "InitialForceScale" : 5,
        "ReportState" : false,
        "Depth" : 0
    },
    "Hull" : {
        "DataType" : "DynamicBody",
        "Position" : [
            98.9456377240346,
            161.06716290367874
        ],
        "Angle" : 0.0,
        "FixtureNames" : [
            "HullFixture"
        ],
        "Color1" : [
            0.5,
            0.4,
            0.9
        ],
        "Color2" : [
            0.3,
            0.3,
            0.5
        ],
        "CanTouchGround" : false,
        "InitialForceScale" : 5,
        "ReportState" : true,
        "Depth" : 0
    },
    "Leg-1" : {
        "DataType" : "DynamicBody",
        "Position" : [
            98.9456377240346,
            144.24082715847473
        ],
        "Angle" : -0.05,
        "FixtureNames" : [
            "LegFixture"
        ],
        "Color1" : [
            0.7,
            0.4,
            0.6
        ],
        "Color2" : [
            0.3,
            0.3,
            0.5
        ],
        "CanTouchGround" : true,
        "ReportState" : true,
        "Depth" : 0
    },
    "Lower-1" : {
        "DataType" : "DynamicBody",
        "Position" : [
            98.9456377240346,
            130.53358145183938
        ],
        "Angle" : -0.05,
        "FixtureNames" : [
            "LowerFixture"
        ],
        "Color1" : [
            0.7,
            0.4,
            0.6
        ],
        "Color2" : [
            0.3,
            0.3,
            0.5
        ],
        "CanTouchGround" : true,
        "ReportState" : true,
        "Depth" : 0
    },
    "Leg1" : {
        "DataType" : "DynamicBody",
        "Position" : [
            98.9456377240346,
            144.24082715847473
        ],
        "Angle" : 0.05,
        "FixtureNames" : [
            "LegFixture"
        ],
        "Color1" : [
            0.4,
            0.2,
            0.4
        ],