{
    "Body0Fixture" : {
        "DataType" : "Fixture",
        "FixtureShape" : {
            "Type" : "PolygonShape",
            "Vertices" : [
                [
                    -4.3649673897974575,
                    8.993146470074848
                ],
                [
                    4.3649673897974575,
                    8.993146470074848
                ],
                [
                    4.3649673897974575,
                    -8.993146470074848
                ],
                [
                    -4.3649673897974575,
                    -8.993146470074848
                ]
            ]
        },
        "Friction" : 0.1,
        "Density" : 5.0,
        "Restitution" : 0.0,
        "MaskBits" : 1,
        "CategoryBits" : 32
    },
    "Body1Fixture" : {
        "DataType" : "Fixture",
        "FixtureShape" : {
            "Type" : "PolygonShape",
            "Vertices" : [
                [
                    -4.3649673897974575,
                    8.993146470074848
                ],
                [
                    4.3649673897974575,
                    8.993146470074848
                ],
                [
                    4.3649673897974575,
                    -8.993146470074848
                ],
                [
                    -4.3649673897974575,
                    -8.993146470074848
                ]
            ]
        },
        "Friction" : 0.1,
        "Density" : 5.0,
        "Restitution" : 0.0,
        "MaskBits" : 1,
        "CategoryBits" : 32
    },
    "Body2Fixture" : {
        "DataType" : "Fixture",
        "FixtureShape" : {
            "Type" : "PolygonShape",
            "Vertices" : [
                [
                    -4.3649673897974575,
                    8.993146470074848
                ],
                [
                    4.3649673897974575,
                    8.993146470074848
                ],
                [
                    4.3649673897974575,
                    -8.993146470074848
                ],
                [
                    -4.3649673897974575,
                    -8.993146470074848
                ]
            ]
        },
        "Friction" : 0.1,
        "Density" : 5.0,
        "Restitution" : 0.0,
        "MaskBits" : 1,
        "CategoryBits" : 32
    },
    "Body3Fixture" : {
        "DataType" : "Fixture",
        "FixtureShape" : {
            "Type" : "PolygonShape",
            "Vertices" : [
                [
                    -4.3649673897974575,
                    8.0
                ],
                [
                    4.3649673897974575,
                    6.666666666666667
                ],
                [
                    4.3649673897974575,
                    -8.993146470074848
                ],
                [
                    -4.3649673897974575,
                    -8.993146470074848
                ]
            ]
        },
        "Friction" : 0.1,
        "Density" : 5.0,
        "Restitution" : 0.0,
        "MaskBits" : 1,
        "CategoryBits" : 32
    },
    "Body4Fixture" : {
        "DataType" : "Fixture",
        "FixtureShape" : {
            "Type" : "PolygonShape",
            "Vertices" : [
                [
                    -4.3649673897974575,
                    6.666666666666667
                ],
                [
                    4.3649673897974575,
                    5.333333333333334
                ],
                [
                    4.3649673897974575,
                    -8.993146470074848
                ],
                [
                    -4.3649673897974575,
                    -8.993146470074848
                ]
            ]
        },
        "Friction" : 0.1,
        "Density" : 5.0,
        "Restitution" : 0.0,
        "MaskBits" : 1,
        "CategoryBits" : 32
    },
    "HullFixture" : {
        "DataType" : "Fixture",
        "FixtureShape" : {
            "Type" : "PolygonShape",
            "Vertices" : [
                [
                    -4.3649673897974575,
                    5.333333333333334
                ],
                [
                    4.3649673897974575,
                    4.0
                ],
                [
                    4.3649673897974575,
                    -8.993146470074848
                ],
                [
                    -4.3649673897974575,
                    -8.993146470074848
                ]
            ]
        },
        "Friction" : 0.1,
        "Density" : 5.0,
        "Restitution" : 0.0,
        "MaskBits" : 1,
        "CategoryBits" : 32
    },
    "LegFixture" : {
        "DataType" : "Fixture",
        "FixtureShape" : {
            "Type" : "PolygonShape",
            "Vertices" : [
                [
                    -4.419079929980292,
                    -13.409785076754984
                ],
                [
                    4.419079929980292,
                    -13.409785076754984
                ],
                [
                    4.419079929980292,
                    13.409785076754984
                ],
                [
                    -4.419079929980292,
                    13.409785076754984
                ]
            ]
        },
        "Friction" : 0.2,
        "Density" : 1.0,
        "Restitution" : 0.0,
        "MaskBits" : 1,
        "CategoryBits" : 32
    },
    "LowerFixture" : {
        "DataType" : "Fixture",
        "FixtureShape" : {
            "Type" : "PolygonShape",
            "Vertices" : [
                [
                    -2.721176689751643,
                    -14.98954763981962
                ],
                [
                    2.721176689751643,
                    -14.98954763981962
                ],
                [
                    2.721176689751643,
                    14.98954763981962
                ],
                [
                    -2.721176689751643,
                    14.98954763981962
                ]
            ]
        },
        "Friction" : 0.2,
        "Density" : 1.0,
        "Restitution" : 0.0,
        "MaskBits" : 1,
        "CategoryBits" : 32
    },
    "Body0" : {
        "DataType" : "DynamicBody",
        "Position" : [
            54.36496738979745,
            156.7986654331492
        ],
        "Angle" : 0.0,
        "FixtureNames" : [
            "Body0Fixture"
        ],
        "Color1" : [
            0.5,
            0.4,
            0.9
        ],
        "Color2" : [
            0.3,
            0.3,
            0.5
        ],
        "CanTouchGround" : false,
        "InitialForceScale" : 5,
        "ReportState" : false,
        "Depth" : 0
    },
    "Body1" : {
        "DataType" : "DynamicBody",
        "Position" : [
            63.09490216939236,
            156.7986654331492
        ],
        "Angle" : 0.0,
        "FixtureNames" : [
            "Body1Fixture"
        ],
        "Color1" : [
            0.5,
            0.4,
            0.9
        ],
        "Color2" : [
            0.3,
            0.3,
            0.5
        ],
        "CanTouchGround" : false,
        "InitialForceScale" : 5,
        "ReportState" : false,
        "Depth" : 0
    },
    "Body2" : {
        "DataType" : "DynamicBody",
        "Position" : [
            71.82483694898728,
            156.7986654331492
        ],
        "Angle" : 0.0,
        "FixtureNames" : [
            "Body2Fixture"
        ],
        "Color1" : [
            0.5,
            0.4,
            0.9
        ],
        "Color2" : [
            0.3,
            0.3,
            0.5
        ],
        "CanTouchGround" : false,
        "InitialForceScale" : 5,
        "ReportState" : false,
        "Depth" : 0
    },
    "Body3" : {
        "DataType" : "DynamicBody",
        "Position" : [
            80.5547717285822,
            156.7986654331492
        ],
        "Angle" : 0.0,
        "FixtureNames" : [
            "Body3Fixture"
        ],