{
    "HullFixture" : {
        "DataType" : "Fixture",
        "FixtureShape" : {
            "Type" : "PolygonShape",
            "Vertices" : [
                [
                    -5.707673766365595,
                    9.950950124408154
                ],
                [
                    5.707673766365595,
                    9.950950124408154
                ],
                [
                    5.707673766365595,
                    -9.950950124408154
                ],
                [
                    -5.707673766365595,
                    -9.950950124408154
                ]
            ]
        },
        "Friction" : 0.1,
        "Density" : 5.0,
        "Restitution" : 0.0,
        "MaskBits" : 1,
        "CategoryBits" : 32
    },
    "Body1Fixture" : {
        "DataType" : "Fixture",
        "FixtureShape" : {
            "Type" : "PolygonShape",
            "Vertices" : [
                [
                    -5.707673766365595,
                    9.950950124408154
                ],
                [
                    5.707673766365595,
                    9.950950124408154
                ],
                [
                    5.707673766365595,
                    -9.950950124408154
                ],
                [
                    -5.707673766365595,
                    -9.950950124408154
                ]
            ]
        },
        "Friction" : 0.1,
        "Density" : 5.0,
        "Restitution" : 0.0,
        "MaskBits" : 1,
        "CategoryBits" : 32
    },
    "Body2Fixture" : {
        "DataType" : "Fixture",
        "FixtureShape" : {
            "Type" : "PolygonShape",
            "Vertices" : [
                [
                    -5.707673766365595,
                    9.950950124408154
                ],
                [
                    5.707673766365595,
                    9.950950124408154
                ],
                [
                    5.707673766365595,
                    -9.950950124408154
                ],
                [
                    -5.707673766365595,
                    -9.950950124408154
                ]
            ]
        },
        "Friction" : 0.1,
        "Density" : 5.0,
        "Restitution" : 0.0,
        "MaskBits" : 1,
        "CategoryBits" : 32
    },
    "Body3Fixture" : {
        "DataType" : "Fixture",
        "FixtureShape" : {
            "Type" : "PolygonShape",
            "Vertices" : [
                [
                    -5.707673766365595,
                    9.0
                ],
                [
                    5.707673766365595,
                    7.5
                ],
                [
                    5.707673766365595,
                    -9.950950124408154
                ],
                [
                    -5.707673766365595,
                    -9.950950124408154
                ]
            ]
        },
        "Friction" : 0.1,
        "Density" : 5.0,
        "Restitution" : 0.0,
        "MaskBits" : 1,
        "CategoryBits" : 32
    },
    "Body4Fixture" : {
        "DataType" : "Fixture",
        "FixtureShape" : {
            "Type" : "PolygonShape",
            "Vertices" : [
                [
                    -5.707673766365595,
                    7.5
                ],
                [
                    5.707673766365595,
                    6.0
                ],
                [
                    5.707673766365595,
                    -9.950950124408154
                ],
                [
                    -5.707673766365595,
                    -9.950950124408154
                ]
            ]
        },
        "Friction" : 0.1,
        "Density" : 5.0,
        "Restitution" : 0.0,
        "MaskBits" : 1,
        "CategoryBits" : 32
    },
    "Body5Fixture" : {
        "DataType" : "Fixture",
        "FixtureShape" : {
            "Type" : "PolygonShape",
            "Vertices" : [
                [
                    -5.707673766365595,
                    6.0
                ],
                [
                    5.707673766365595,
                    4.5
                ],
                [
                    5.707673766365595,
                    -9.950950124408154
                ],
                [
                    -5.707673766365595,
                    -9.950950124408154
                ]
            ]
        },
        "Friction" : 0.1,
        "Density" : 5.0,
        "Restitution" : 0.0,
        "MaskBits" : 1,
        "CategoryBits" : 32
    },
    "LegFixture" : {
        "DataType" : "Fixture",
        "FixtureShape" : {
            "Type" : "PolygonShape",
            "Vertices" : [
                [
                    -3.6152389173367983,
                    -13.407423847764559
                ],
                [
                    3.6152389173367983,
                    -13.407423847764559
                ],
                [
                    3.6152389173367983,
                    13.407423847764559
                ],
                [
                    -3.6152389173367983,
                    13.407423847764559
                ]
            ]
        },
        "Friction" : 0.2,
        "Density" : 1.0,
        "Restitution" : 0.0,
        "MaskBits" : 1,
        "CategoryBits" : 32
    },
    "LowerFixture" : {
        "DataType" : "Fixture",
        "FixtureShape" : {
            "Type" : "PolygonShape",
            "Vertices" : [
                [
                    -3.8171336940514635,
                    -19.80728865024181
                ],
                [
                    3.8171336940514635,
                    -19.80728865024181
                ],
                [
                    3.8171336940514635,
                    19.80728865024181
                ],
                [
                    -3.8171336940514635,
                    19.80728865024181
                ]
            ]
        },
        "Friction" : 0.2,
        "Density" : 1.0,
        "Restitution" : 0.0,
        "MaskBits" : 1,
        "CategoryBits" : 32
    },
    "Hull" : {
        "DataType" : "DynamicBody",
        "Position" : [
            55.707673766365595,
            166.42942499601276
        ],
        "Angle" : 0.0,
        "FixtureNames" : [
            "HullFixture"
        ],
        "Color1" : [
            0.5,
            0.4,
            0.9
        ],
        "Color2" : [
            0.3,
            0.3,
            0.5
        ],
        "CanTouchGround" : false,
        "InitialForceScale" : 5,
        "ReportState" : true,
        "Depth" : 0
    },
    "Body1" : {
        "DataType" : "DynamicBody",
        "Position" : [
            67.12302129909679,
            166.42942499601276
        ],
        "Angle" : 0.0,
        "FixtureNames" : [
            "Body1Fixture"
        ],
        "Color1" : [
            0.5,
            0.4,
            0.9
        ],
        "Color2" : [
            0.3,
            0.3,
            0.5
        ],
        "CanTouchGround" : false,
        "InitialForceScale" : 5,
        "ReportState" : false,
        "Depth" : 0
    },
    "Body2" : {
        "DataType" : "DynamicBody",
        "Position" : [
            78.53836883182798,
            166.42942499601276
        ],
        "Angle" : 0.0,
        "FixtureNames" : [
            "Body2Fixture"
        ],
        "Color1" : [
            0.5,
            0.4,
            0.9
        ],
        "Color2" : [
            0.3,
            0.3,
            0.5
        ],
        "CanTouchGround" : false,
        "InitialForceScale" : 5,
        "ReportState" : false,
        "Depth" : 0
    },
    "Body3" : {
        "DataType" : "DynamicBody",
        "Position" : [
            89.95371636455917,
            166.42942499601276
        ],
        "Angle" : 0.0,
        "FixtureNames" : [
            "Body3Fixture"
        ],
        "Color1" : [
            0.5,
            0.4,
            0.9
        ],