{
    "Body0Fixture" : {
        "DataType" : "Fixture",
        "FixtureShape" : {
            "Type" : "PolygonShape",
            "Vertices" : [
                [
                    -4.6853629393673115,
                    9.791897760404716
                ],
                [
                    4.6853629393673115,
                    9.791897760404716
                ],
                [
                    4.6853629393673115,
                    -9.791897760404716
                ],
                [
                    -4.6853629393673115,
                    -9.791897760404716
                ]
            ]
        },
        "Friction" : 0.1,
        "Density" : 5.0,
        "Restitution" : 0.0,
        "MaskBits" : 1,
        "CategoryBits" : 32
    },
    "Body1Fixture" : {
        "DataType" : "Fixture",
        "FixtureShape" : {
            "Type" : "PolygonShape",
            "Vertices" : [
                [
                    -4.6853629393673115,
                    9.791897760404716
                ],
                [
                    4.6853629393673115,
                    9.791897760404716
                ],
                [
                    4.6853629393673115,
                    -9.791897760404716
                ],
                [
                    -4.6853629393673115,
                    -9.791897760404716
                ]
            ]
        },
        "Friction" : 0.1,
        "Density" : 5.0,
        "Restitution" : 0.0,
        "MaskBits" : 1,
        "CategoryBits" : 32
    },
    "Body2Fixture" : {
        "DataType" : "Fixture",
        "FixtureShape" : {
            "Type" : "PolygonShape",
            "Vertices" : [
                [
                    -4.6853629393673115,
                    9.791897760404716
                ],
                [
                    4.6853629393673115,
                    9.791897760404716
                ],
                [
                    4.6853629393673115,
                    -9.791897760404716
                ],
                [
                    -4.6853629393673115,
                    -9.791897760404716
                ]
            ]
        },
        "Friction" : 0.1,
        "Density" : 5.0,
        "Restitution" : 0.0,
        "MaskBits" : 1,
        "CategoryBits" : 32
    },
    "HullFixture" : {
        "DataType" : "Fixture",
        "FixtureShape" : {
            "Type" : "PolygonShape",
            "Vertices" : [
                [
                    -4.6853629393673115,
                    9.0
                ],
                [
                    4.6853629393673115,
                    7.5
                ],
                [
                    4.6853629393673115,
                    -9.791897760404716
                ],
                [
                    -4.6853629393673115,
                    -9.791897760404716
                ]
            ]
        },
        "Friction" : 0.1,
        "Density" : 5.0,
        "Restitution" : 0.0,
        "MaskBits" : 1,
        "CategoryBits" : 32
    },
    "Body4Fixture" : {
        "DataType" : "Fixture",
        "FixtureShape" : {
            "Type" : "PolygonShape",
            "Vertices" : [
                [
                    -4.6853629393673115,
                    7.5
                ],
                [
                    4.6853629393673115,
                    6.0
                ],
                [
                    4.6853629393673115,
                    -9.791897760404716
                ],
                [
                    -4.6853629393673115,
                    -9.791897760404716
                ]
            ]
        },
        "Friction" : 0.1,
        "Density" : 5.0,
        "Restitution" : 0.0,
        "MaskBits" : 1,
        "CategoryBits" : 32
    },
    "Body5Fixture" : {
        "DataType" : "Fixture",
        "FixtureShape" : {
            "Type" : "PolygonShape",
            "Vertices" : [
                [
                    -4.6853629393673115,
                    6.0
                ],
                [
                    4.6853629393673115,
                    4.5
                ],
                [
                    4.6853629393673115,
                    -9.791897760404716
                ],
                [
                    -4.6853629393673115,
                    -9.791897760404716
                ]
            ]
        },
        "Friction" : 0.1,
        "Density" : 5.0,
        "Restitution" : 0.0,
        "MaskBits" : 1,
        "CategoryBits" : 32
    },
    "LegFixture" : {
        "DataType" : "Fixture",
        "FixtureShape" : {
            "Type" : "PolygonShape",
            "Vertices" : [
                [
                    -4.00894352946562,
                    -17.981418235740755
                ],
                [
                    4.00894352946562,
                    -17.981418235740755
                ],
                [
                    4.00894352946562,
                    17.981418235740755
                ],
                [
                    -4.00894352946562,
                    17.981418235740755
                ]
            ]
        },
        "Friction" : 0.2,
        "Density" : 1.0,
        "Restitution" : 0.0,
        "MaskBits" : 1,
        "CategoryBits" : 32
    },
    "LowerFixture" : {
        "DataType" : "Fixture",
        "FixtureShape" : {
            "Type" : "PolygonShape",
            "Vertices" : [
                [
                    -3.6724032895465877,
                    -13.585227590799782
                ],
                [
                    3.6724032895465877,
                    -13.585227590799782
                ],
                [
                    3.6724032895465877,
                    13.585227590799782
                ],
                [
                    -3.6724032895465877,
                    13.585227590799782
                ]
            ]
        },
        "Friction" : 0.2,
        "Density" : 1.0,
        "Restitution" : 0.0,
        "MaskBits" : 1,
        "CategoryBits" : 32
    },
    "Body0" : {
        "DataType" : "DynamicBody",
        "Position" : [
            54.68536293936731,
            163.13329165308107
        ],
        "Angle" : 0.0,
        "FixtureNames" : [
            "Body0Fixture"
        ],
        "Color1" : [
            0.5,
            0.4,
            0.9
        ],
        "Color2" : [
            0.3,
            0.3,
            0.5
        ],
        "CanTouchGround" : false,
        "InitialForceScale" : 5,
        "ReportState" : false,
        "Depth" : 0
    },
    "Body1" : {
        "DataType" : "DynamicBody",
        "Position" : [
            64.05608881810193,
            163.13329165308107
        ],
        "Angle" : 0.0,
        "FixtureNames" : [
            "Body1Fixture"
        ],
        "Color1" : [
            0.5,
            0.4,
            0.9
        ],
        "Color2" : [
            0.3,
            0.3,
            0.5
        ],
        "CanTouchGround" : false,
        "InitialForceScale" : 5,
        "ReportState" : false,
        "Depth" : 0
    },
    "Body2" : {
        "DataType" : "DynamicBody",
        "Position" : [
            73.42681469683654,
            163.13329165308107
        ],
        "Angle" : 0.0,
        "FixtureNames" : [
            "Body2Fixture"
        ],
        "Color1" : [
            0.5,
            0.4,
            0.9
        ],
        "Color2" : [
            0.3,
            0.3,
            0.5
        ],
        "CanTouchGround" : false,
        "InitialForceScale" : 5,
        "ReportState" : false,
        "Depth" : 0
    },
    "Hull" : {
        "DataType" : "DynamicBody",
        "Position" : [
            82.79754057557116,
            163.13329165308107
        ],
        "Angle" : 0.0,
        "FixtureNames" : [
            "HullFixture"
        ],
        "Color1" : [
            0.5,
            0.4,
            0.9
        ],