{
    "HullFixture" : {
        "DataType" : "Fixture",
        "FixtureShape" : {
            "Type" : "PolygonShape",
            "Vertices" : [
                [
                    -12.253574845805161,
                    6.283807366126967
                ],
                [
                    12.253574845805161,
                    6.283807366126967
                ],
                [
                    12.253574845805161,
                    -6.283807366126967
                ],
                [
                    -12.253574845805161,
                    -6.283807366126967
                ]
            ]
        },
        "Friction" : 0.1,
        "Density" : 5.0,
        "Restitution" : 0.0,
        "MaskBits" : 1,
        "CategoryBits" : 32
    },
    "Body1Fixture" : {
        "DataType" : "Fixture",
        "FixtureShape" : {
            "Type" : "PolygonShape",
            "Vertices" : [
                [
                    -12.253574845805161,
                    6.0
                ],
                [
                    12.253574845805161,
                    3.0
                ],
                [
                    12.253574845805161,
                    -6.283807366126967
                ],
                [
                    -12.253574845805161,
                    -6.283807366126967
                ]
            ]
        },
        "Friction" : 0.1,
        "Density" : 5.0,
        "Restitution" : 0.0,
        "MaskBits" : 1,
        "CategoryBits" : 32
    },
    "LegFixture" : {
        "DataType" : "Fixture",
        "FixtureShape" : {
            "Type" : "PolygonShape",
            "Vertices" : [
                [
                    -3.6358409357155166,
                    -12.961249224101788
                ],
                [
                    3.6358409357155166,
                    -12.961249224101788
                ],
                [
                    3.6358409357155166,
                    12.961249224101788
                ],
                [
                    -3.6358409357155166,
                    12.961249224101788
                ]
            ]
        },
        "Friction" : 0.2,
        "Density" : 1.0,
        "Restitution" : 0.0,
        "MaskBits" : 1,
        "CategoryBits" : 32
    },
    "LowerFixture" : {
        "DataType" : "Fixture",
        "FixtureShape" : {
            "Type" : "PolygonShape",
            "Vertices" : [
                [
                    -3.449068973658418,
                    -17.447559710173635
                ],
                [
                    3.449068973658418,
                    -17.447559710173635
                ],
                [
                    3.449068973658418,
                    17.447559710173635
                ],
                [
                    -3.449068973658418,
                    17.447559710173635
                ]
            ]
        },
        "Friction" : 0.2,
        "Density" : 1.0,
        "Restitution" : 0.0,
        "MaskBits" : 1,
        "CategoryBits" : 32
    },
    "Hull" : {
        "DataType" : "DynamicBody",
        "Position" : [
            62.25357484580516,
            160.81761786855085
        ],
        "Angle" : 0.0,
        "FixtureNames" : [
            "HullFixture"
        ],
        "Color1" : [
            0.5,
            0.4,
            0.9
        ],
        "Color2" : [
            0.3,
            0.3,
            0.5
        ],
        "CanTouchGround" : false,
        "InitialForceScale" : 5,
        "ReportState" : true,
        "Depth" : 0
    },
    "Body1" : {
        "DataType" : "DynamicBody",
        "Position" : [
            86.76072453741548,
            160.81761786855085
        ],
        "Angle" : 0.0,
        "FixtureNames" : [
            "Body1Fixture"
        ],
        "Color1" : [
            0.5,
            0.4,
            0.9
        ],
        "Color2" : [
            0.3,
            0.3,
            0.5
        ],
        "CanTouchGround" : false,
        "InitialForceScale" : 5,
        "ReportState" : false,
        "Depth" : 0
    },
    "Leg-1" : {
        "DataType" : "DynamicBody",
        "Position" : [
            62.25357484580516,
            147.85636864444908
        ],
        "Angle" : -0.05,
        "FixtureNames" : [
            "LegFixture"
        ],
        "Color1" : [
            0.7,
            0.4,
            0.6
        ],
        "Color2" : [
            0.3,
            0.3,
            0.5
        ],
        "CanTouchGround" : true,
        "ReportState" : true,
        "Depth" : 0
    },
    "Lower-1" : {
        "DataType" : "DynamicBody",
        "Position" : [
            62.25357484580516,
            130.40880893427544
        ],
        "Angle" : -0.05,
        "FixtureNames" : [
            "LowerFixture"
        ],
        "Color1" : [
            0.7,
            0.4,
            0.6
        ],
        "Color2" : [
            0.3,
            0.3,
            0.5
        ],
        "CanTouchGround" : true,
        "ReportState" : true,
        "Depth" : 0
    },
    "Leg1" : {
        "DataType" : "DynamicBody",
        "Position" : [
            62.25357484580516,
            147.85636864444908
        ],
        "Angle" : 0.05,
        "FixtureNames" : [
            "LegFixture"
        ],
        "Color1" : [
            0.4,
            0.2,
            0.4
        ],
        "Color2" : [
            0.3,
            0.3,
            0.5
        ],
        "CanTouchGround" : true,
        "ReportState" : true,
        "Depth" : 1
    },
    "Lower1" : {
        "DataType" : "DynamicBody",
        "Position" : [
            62.25357484580516,
            130.40880893427544
        ],
        "Angle" : 0.05,
        "FixtureNames" : [
            "LowerFixture"
        ],
        "Color1" : [
            0.4,
            0.2,
            0.4
        ],
        "Color2" : [
            0.3,
            0.3,
            0.5
        ],
        "CanTouchGround" : true,
        "ReportState" : true,
        "Depth" : 1
    },
    "HullBody1Joint" : {
        "DataType" : "JointMotor",
        "BodyA" : "Hull",
        "BodyB" : "Body1",
        "LocalAnchorA" : [
            12.253574845805161,
            0
        ],
        "LocalAnchorB" : [
            -12.253574845805161,
            0
        ],
        "EnableMotor" : false,
        "EnableLimit" : true,
        "MaxMotorTorque" : 80,
        "MotorSpeed" : 0.0,
        "LowerAngle" : -0.5,
        "UpperAngle" : 0.2,
        "Speed" : 4,
        "ReportState" : false,
        "Depth" : 0
    },
    "HullLeg-1Joint" : {
        "DataType" : "JointMotor",
        "BodyA" : "Hull",
        "BodyB" : "Leg-1",
        "LocalAnchorA" : [
            0.0,
            -6.283807366126967
        ],
        "LocalAnchorB" : [
            0,
            12.961249224101788
        ],
        "EnableMotor" : true,
        "EnableLimit" : true,
        "MaxMotorTorque" : 80,
        "MotorSpeed" : 1,
        "LowerAngle" : -0.8,
        "UpperAngle" : 1.1,
        "Speed" : 4,
        "ReportState" : true,
        "Depth" : 0
    },
    "Leg-1Lower-1Joint" : {
        "DataType" : "JointMotor",
        "BodyA" : "Leg-1",
        "BodyB" : "Lower-1",
        "LocalAnchorA" : [
            0,
            -12.961249224101788
        ],
        "LocalAnchorB" : [
            0,
            17.447559710173635
        ],
        "EnableMotor" : true,
        "EnableLimit" : true,
        "MaxMotorTorque" : 80,
        "MotorSpeed" : 1,
        "LowerAngle" : -1.6,
        "UpperAngle" : -0.1,
        "Speed" : 6,
        "ReportState" : true,
        "Depth" : 0
    },
    "HullLeg1Joint" : {
        "DataType" : "JointMotor",
        "BodyA" : "Hull",
        "BodyB" : "Leg1",
        "LocalAnchorA" : [
            0.0,
            -6.283807366126967
        ],
        "LocalAnchorB" : [
            0,
            12.961249224101788
        ],