{
    "HullFixture" : {
        "DataType" : "Fixture",
        "FixtureShape" : {
            "Type" : "PolygonShape",
            "Vertices" : [
                [
                    -14.275025301790333,
                    9.197762466133716
                ],
                [
                    14.275025301790333,
                    9.197762466133716
                ],
                [
                    14.275025301790333,
                    -9.197762466133716
                ],
                [
                    -14.275025301790333,
                    -9.197762466133716
                ]
            ]
        },
        "Friction" : 0.1,
        "Density" : 5.0,
        "Restitution" : 0.0,
        "MaskBits" : 1,
        "CategoryBits" : 32
    },
    "Body1Fixture" : {
        "DataType" : "Fixture",
        "FixtureShape" : {
            "Type" : "PolygonShape",
            "Vertices" : [
                [
                    -14.275025301790333,
                    9.0
                ],
                [
                    14.275025301790333,
                    4.5
                ],
                [
                    14.275025301790333,
                    -9.197762466133716
                ],
                [
                    -14.275025301790333,
                    -9.197762466133716
                ]
            ]
        },
        "Friction" : 0.1,
        "Density" : 5.0,
        "Restitution" : 0.0,
        "MaskBits" : 1,
        "CategoryBits" : 32
    },
    "LegFixture" : {
        "DataType" : "Fixture",
        "FixtureShape" : {
            "Type" : "PolygonShape",
            "Vertices" : [
                [
                    -3.627887418161995,
                    -18.45241263097855
                ],
                [
                    3.627887418161995,
                    -18.45241263097855
                ],
                [
                    3.627887418161995,
                    18.45241263097855
                ],
                [
                    -3.627887418161995,
                    18.45241263097855
                ]
            ]
        },
        "Friction" : 0.2,
        "Density" : 1.0,
        "Restitution" : 0.0,
        "MaskBits" : 1,
        "CategoryBits" : 32
    },
    "LowerFixture" : {
        "DataType" : "Fixture",
        "FixtureShape" : {
            "Type" : "PolygonShape",
            "Vertices" : [
                [
                    -3.6032009260781086,
                    -20.097215375602183
                ],
                [
                    3.6032009260781086,
                    -20.097215375602183
                ],
                [
                    3.6032009260781086,
                    20.097215375602183
                ],
                [
                    -3.6032009260781086,
                    20.097215375602183
                ]
            ]
        },
        "Friction" : 0.2,
        "Density" : 1.0,
        "Restitution" : 0.0,
        "MaskBits" : 1,
        "CategoryBits" : 32
    },
    "Hull" : {
        "DataType" : "DynamicBody",
        "Position" : [
            64.27502530179034,
            177.0992560131615
        ],
        "Angle" : 0.0,
        "FixtureNames" : [
            "HullFixture"
        ],
        "Color1" : [
            0.5,
            0.4,
            0.9
        ],
        "Color2" : [
            0.3,
            0.3,
            0.5
        ],
        "CanTouchGround" : false,
        "InitialForceScale" : 5,
        "ReportState" : true,
        "Depth" : 0
    },
    "Body1" : {
        "DataType" : "DynamicBody",
        "Position" : [
            92.825075905371,
            177.0992560131615
        ],
        "Angle" : 0.0,
        "FixtureNames" : [
            "Body1Fixture"
        ],
        "Color1" : [
            0.5,
            0.4,
            0.9
        ],
        "Color2" : [
            0.3,
            0.3,
            0.5
        ],
        "CanTouchGround" : false,
        "InitialForceScale" : 5,
        "ReportState" : false,
        "Depth" : 0
    },
    "Leg-1" : {
        "DataType" : "DynamicBody",
        "Position" : [
            64.27502530179034,
            158.64684338218294
        ],
        "Angle" : -0.05,
        "FixtureNames" : [
            "LegFixture"
        ],
        "Color1" : [
            0.7,
            0.4,
            0.6
        ],
        "Color2" : [
            0.3,
            0.3,
            0.5
        ],
        "CanTouchGround" : true,
        "ReportState" : true,
        "Depth" : 0
    },
    "Lower-1" : {
        "DataType" : "DynamicBody",
        "Position" : [
            64.27502530179034,
            138.54962800658075
        ],
        "Angle" : -0.05,
        "FixtureNames" : [
            "LowerFixture"
        ],
        "Color1" : [
            0.7,
            0.4,
            0.6
        ],
        "Color2" : [
            0.3,
            0.3,
            0.5
        ],
        "CanTouchGround" : true,
        "ReportState" : true,
        "Depth" : 0
    },
    "Leg1" : {
        "DataType" : "DynamicBody",
        "Position" : [
            64.27502530179034,
            158.64684338218294
        ],
        "Angle" : 0.05,
        "FixtureNames" : [
            "LegFixture"
        ],
        "Color1" : [
            0.4,
            0.2,
            0.4
        ],
        "Color2" : [
            0.3,
            0.3,
            0.5
        ],
        "CanTouchGround" : true,
        "ReportState" : true,
        "Depth" : 1
    },
    "Lower1" : {
        "DataType" : "DynamicBody",
        "Position" : [
            64.27502530179034,
            138.54962800658075
        ],
        "Angle" : 0.05,
        "FixtureNames" : [
            "LowerFixture"
        ],
        "Color1" : [
            0.4,
            0.2,
            0.4
        ],
        "Color2" : [
            0.3,
            0.3,
            0.5
        ],
        "CanTouchGround" : true,
        "ReportState" : true,
        "Depth" : 1
    },
    "HullBody1Joint" : {
        "DataType" : "JointMotor",
        "BodyA" : "Hull",
        "BodyB" : "Body1",
        "LocalAnchorA" : [
            14.275025301790333,
            0
        ],
        "LocalAnchorB" : [
            -14.275025301790333,
            0
        ],
        "EnableMotor" : false,
        "EnableLimit" : true,
        "MaxMotorTorque" : 80,
        "MotorSpeed" : 0.0,
        "LowerAngle" : -0.5,
        "UpperAngle" : 0.2,
        "Speed" : 4,
        "ReportState" : false,
        "Depth" : 0
    },
    "HullLeg-1Joint" : {
        "DataType" : "JointMotor",
        "BodyA" : "Hull",
        "BodyB" : "Leg-1",
        "LocalAnchorA" : [
            0.0,
            -9.197762466133716
        ],
        "LocalAnchorB" : [
            0,
            18.45241263097855
        ],
        "EnableMotor" : true,
        "EnableLimit" : true,
        "MaxMotorTorque" : 80,
        "MotorSpeed" : 1,
        "LowerAngle" : -0.8,
        "UpperAngle" : 1.1,
        "Speed" : 4,
        "ReportState" : true,
        "Depth" : 0
    },
    "Leg-1Lower-1Joint" : {
        "DataType" : "JointMotor",
        "BodyA" : "Leg-1",
        "BodyB" : "Lower-1",
        "LocalAnchorA" : [
            0,
            -18.45241263097855
        ],
        "LocalAnchorB" : [
            0,
            20.097215375602183
        ],
        "EnableMotor" : true,
        "EnableLimit" : true,
        "MaxMotorTorque" : 80,
        "MotorSpeed" : 1,
        "LowerAngle" : -1.6,
        "UpperAngle" : -0.1,
        "Speed" : 6,
        "ReportState" : true,
        "Depth" : 0
    },
    "HullLeg1Joint" : {
        "DataType" : "JointMotor",
        "BodyA" : "Hull",
        "BodyB" : "Leg1",
        "LocalAnchorA" : [
            0.0,
            -9.197762466133716
        ],
        "LocalAnchorB" : [
            0,
            18.45241263097855
        ],
        "EnableMotor" : true,