{
    "Body0Fixture" : {
        "DataType" : "Fixture",
        "FixtureShape" : {
            "Type" : "PolygonShape",
            "Vertices" : [
                [
                    -5.300661191713838,
                    6.2646847562267745
                ],
                [
                    5.300661191713838,
                    6.2646847562267745
                ],
                [
                    5.300661191713838,
                    -6.2646847562267745
                ],
                [
                    -5.300661191713838,
                    -6.2646847562267745
                ]
            ]
        },
        "Friction" : 0.1,
        "Density" : 5.0,
        "Restitution" : 0.0,
        "MaskBits" : 1,
        "CategoryBits" : 32
    },
    "Body1Fixture" : {
        "DataType" : "Fixture",
        "FixtureShape" : {
            "Type" : "PolygonShape",
            "Vertices" : [
                [
                    -5.300661191713838,
                    6.2646847562267745
                ],
                [
                    5.300661191713838,
                    6.2646847562267745
                ],
                [
                    5.300661191713838,
                    -6.2646847562267745
                ],
                [
                    -5.300661191713838,
                    -6.2646847562267745
                ]
            ]
        },
        "Friction" : 0.1,
        "Density" : 5.0,
        "Restitution" : 0.0,
        "MaskBits" : 1,
        "CategoryBits" : 32
    },
    "Body2Fixture" : {
        "DataType" : "Fixture",
        "FixtureShape" : {
            "Type" : "PolygonShape",
            "Vertices" : [
                [
                    -5.300661191713838,
                    6.2646847562267745
                ],
                [
                    5.300661191713838,
                    6.2646847562267745
                ],
                [
                    5.300661191713838,
                    -6.2646847562267745
                ],
                [
                    -5.300661191713838,
                    -6.2646847562267745
                ]
            ]
        },
        "Friction" : 0.1,
        "Density" : 5.0,
        "Restitution" : 0.0,
        "MaskBits" : 1,
        "CategoryBits" : 32
    },
    "HullFixture" : {
        "DataType" : "Fixture",
        "FixtureShape" : {
            "Type" : "PolygonShape",
            "Vertices" : [
                [
                    -5.300661191713838,
                    6.0
                ],
                [
                    5.300661191713838,
                    5.142857142857143
                ],
                [
                    5.300661191713838,
                    -6.2646847562267745
                ],
                [
                    -5.300661191713838,
                    -6.2646847562267745
                ]
            ]
        },
        "Friction" : 0.1,
        "Density" : 5.0,
        "Restitution" : 0.0,
        "MaskBits" : 1,
        "CategoryBits" : 32
    },
    "Body4Fixture" : {
        "DataType" : "Fixture",
        "FixtureShape" : {
            "Type" : "PolygonShape",
            "Vertices" : [
                [
                    -5.300661191713838,
                    5.142857142857143
                ],
                [
                    5.300661191713838,
                    4.285714285714286
                ],
                [
                    5.300661191713838,
                    -6.2646847562267745
                ],
                [
                    -5.300661191713838,
                    -6.2646847562267745
                ]
            ]
        },
        "Friction" : 0.1,
        "Density" : 5.0,
        "Restitution" : 0.0,
        "MaskBits" : 1,
        "CategoryBits" : 32
    },
    "Body5Fixture" : {
        "DataType" : "Fixture",
        "FixtureShape" : {
            "Type" : "PolygonShape",
            "Vertices" : [
                [
                    -5.300661191713838,
                    4.285714285714286
                ],
                [
                    5.300661191713838,
                    3.428571428571429
                ],
                [
                    5.300661191713838,
                    -6.2646847562267745
                ],
                [
                    -5.300661191713838,
                    -6.2646847562267745
                ]
            ]
        },
        "Friction" : 0.1,
        "Density" : 5.0,
        "Restitution" : 0.0,
        "MaskBits" : 1,
        "CategoryBits" : 32
    },
    "Body6Fixture" : {
        "DataType" : "Fixture",
        "FixtureShape" : {
            "Type" : "PolygonShape",
            "Vertices" : [
                [
                    -5.300661191713838,
                    3.428571428571429
                ],
                [
                    5.300661191713838,
                    2.5714285714285716
                ],
                [
                    5.300661191713838,
                    -6.2646847562267745
                ],
                [
                    -5.300661191713838,
                    -6.2646847562267745
                ]
            ]
        },
        "Friction" : 0.1,
        "Density" : 5.0,
        "Restitution" : 0.0,
        "MaskBits" : 1,
        "CategoryBits" : 32
    },
    "LegFixture" : {
        "DataType" : "Fixture",
        "FixtureShape" : {
            "Type" : "PolygonShape",
            "Vertices" : [
                [
                    -4.00740665004964,
                    -18.861566233719127
                ],
                [
                    4.00740665004964,
                    -18.861566233719127
                ],
                [
                    4.00740665004964,
                    18.861566233719127
                ],
                [
                    -4.00740665004964,
                    18.861566233719127
                ]
            ]
        },
        "Friction" : 0.2,
        "Density" : 1.0,
        "Restitution" : 0.0,
        "MaskBits" : 1,
        "CategoryBits" : 32
    },
    "LowerFixture" : {
        "DataType" : "Fixture",
        "FixtureShape" : {
            "Type" : "PolygonShape",
            "Vertices" : [
                [
                    -2.766225921111786,
                    -13.4313593520131
                ],
                [
                    2.766225921111786,
                    -13.4313593520131
                ],
                [
                    2.766225921111786,
                    13.4313593520131
                ],
                [
                    -2.766225921111786,
                    13.4313593520131
                ]
            ]
        },
        "Friction" : 0.2,
        "Density" : 1.0,
        "Restitution" : 0.0,
        "MaskBits" : 1,
        "CategoryBits" : 32
    },
    "Body0" : {
        "DataType" : "DynamicBody",
        "Position" : [
            55.300661191713836,
            164.58585117146447
        ],
        "Angle" : 0.0,
        "FixtureNames" : [
            "Body0Fixture"
        ],
        "Color1" : [
            0.5,
            0.4,
            0.9
        ],
        "Color2" : [
            0.3,
            0.3,
            0.5
        ],
        "CanTouchGround" : false,
        "InitialForceScale" : 5,
        "ReportState" : false,
        "Depth" : 0
    },
    "Body1" : {
        "DataType" : "DynamicBody",
        "Position" : [
            65.90198357514151,
            164.58585117146447
        ],
        "Angle" : 0.0,
        "FixtureNames" : [
            "Body1Fixture"
        ],
        "Color1" : [
            0.5,
            0.4,
            0.9
        ],
        "Color2" : [
            0.3,
            0.3,
            0.5
        ],
        "CanTouchGround" : false,
        "InitialForceScale" : 5,
        "ReportState" : false,
        "Depth" : 0
    },