{
    "Body0Fixture" : {
        "DataType" : "Fixture",
        "FixtureShape" : {
            "Type" : "PolygonShape",
            "Vertices" : [
                [
                    -6.682910773491034,
                    6.148691023706779
                ],
                [
                    6.682910773491034,
                    6.148691023706779
                ],
                [
                    6.682910773491034,
                    -6.148691023706779
                ],
                [
                    -6.682910773491034,
                    -6.148691023706779
                ]
            ]
        },
        "Friction" : 0.1,
        "Density" : 5.0,
        "Restitution" : 0.0,
        "MaskBits" : 1,
        "CategoryBits" : 32
    },
    "Body1Fixture" : {
        "DataType" : "Fixture",
        "FixtureShape" : {
            "Type" : "PolygonShape",
            "Vertices" : [
                [
                    -6.682910773491034,
                    6.148691023706779
                ],
                [
                    6.682910773491034,
                    6.148691023706779
                ],
                [
                    6.682910773491034,
                    -6.148691023706779
                ],
                [
                    -6.682910773491034,
                    -6.148691023706779
                ]
            ]
        },
        "Friction" : 0.1,
        "Density" : 5.0,
        "Restitution" : 0.0,
        "MaskBits" : 1,
        "CategoryBits" : 32
    },
    "HullFixture" : {
        "DataType" : "Fixture",
        "FixtureShape" : {
            "Type" : "PolygonShape",
            "Vertices" : [
                [
                    -6.682910773491034,
                    6.0
                ],
                [
                    6.682910773491034,
                    4.8
                ],
                [
                    6.682910773491034,
                    -6.148691023706779
                ],
                [
                    -6.682910773491034,
                    -6.148691023706779
                ]
            ]
        },
        "Friction" : 0.1,
        "Density" : 5.0,
        "Restitution" : 0.0,
        "MaskBits" : 1,
        "CategoryBits" : 32
    },
    "Body3Fixture" : {
        "DataType" : "Fixture",
        "FixtureShape" : {
            "Type" : "PolygonShape",
            "Vertices" : [
                [
                    -6.682910773491034,
                    4.8
                ],
                [
                    6.682910773491034,
                    3.6
                ],
                [
                    6.682910773491034,
                    -6.148691023706779
                ],
                [
                    -6.682910773491034,
                    -6.148691023706779
                ]
            ]
        },
        "Friction" : 0.1,
        "Density" : 5.0,
        "Restitution" : 0.0,
        "MaskBits" : 1,
        "CategoryBits" : 32
    },
    "Body4Fixture" : {
        "DataType" : "Fixture",
        "FixtureShape" : {
            "Type" : "PolygonShape",
            "Vertices" : [
                [
                    -6.682910773491034,
                    3.6
                ],
                [
                    6.682910773491034,
                    2.4000000000000004
                ],
                [
                    6.682910773491034,
                    -6.148691023706779
                ],
                [
                    -6.682910773491034,
                    -6.148691023706779
                ]
            ]
        },
        "Friction" : 0.1,
        "Density" : 5.0,
        "Restitution" : 0.0,
        "MaskBits" : 1,
        "CategoryBits" : 32
    },
    "LegFixture" : {
        "DataType" : "Fixture",
        "FixtureShape" : {
            "Type" : "PolygonShape",
            "Vertices" : [
                [
                    -3.1434008044154815,
                    -17.403768113968813
                ],
                [
                    3.1434008044154815,
                    -17.403768113968813
                ],
                [
                    3.1434008044154815,
                    17.403768113968813
                ],
                [
                    -3.1434008044154815,
                    17.403768113968813
                ]
            ]
        },
        "Friction" : 0.2,
        "Density" : 1.0,
        "Restitution" : 0.0,
        "MaskBits" : 1,
        "CategoryBits" : 32
    },
    "LowerFixture" : {
        "DataType" : "Fixture",
        "FixtureShape" : {
            "Type" : "PolygonShape",
            "Vertices" : [
                [
                    -2.5283749758682754,
                    -13.25937633577427
                ],
                [
                    2.5283749758682754,
                    -13.25937633577427
                ],
                [
                    2.5283749758682754,
                    13.25937633577427
                ],
                [
                    -2.5283749758682754,
                    13.25937633577427
                ]
            ]
        },
        "Friction" : 0.2,
        "Density" : 1.0,
        "Restitution" : 0.0,
        "MaskBits" : 1,
        "CategoryBits" : 32
    },
    "Body0" : {
        "DataType" : "DynamicBody",
        "Position" : [
            56.68291077349103,
            161.32628889948614
        ],
        "Angle" : 0.0,
        "FixtureNames" : [
            "Body0Fixture"
        ],
        "Color1" : [
            0.5,
            0.4,
            0.9
        ],
        "Color2" : [
            0.3,
            0.3,
            0.5
        ],
        "CanTouchGround" : false,
        "InitialForceScale" : 5,
        "ReportState" : false,
        "Depth" : 0
    },
    "Body1" : {
        "DataType" : "DynamicBody",
        "Position" : [
            70.04873232047309,
            161.32628889948614
        ],
        "Angle" : 0.0,
        "FixtureNames" : [
            "Body1Fixture"
        ],
        "Color1" : [
            0.5,
            0.4,
            0.9
        ],
        "Color2" : [
            0.3,
            0.3,
            0.5
        ],
        "CanTouchGround" : false,
        "InitialForceScale" : 5,
        "ReportState" : false,
        "Depth" : 0
    },
    "Hull" : {
        "DataType" : "DynamicBody",
        "Position" : [
            83.41455386745515,
            161.32628889948614
        ],
        "Angle" : 0.0,
        "FixtureNames" : [
            "HullFixture"
        ],
        "Color1" : [
            0.5,
            0.4,
            0.9
        ],
        "Color2" : [
            0.3,
            0.3,
            0.5
        ],
        "CanTouchGround" : false,
        "InitialForceScale" : 5,
        "ReportState" : true,
        "Depth" : 0
    },
    "Body3" : {
        "DataType" : "DynamicBody",
        "Position" : [
            96.78037541443722,
            161.32628889948614
        ],
        "Angle" : 0.0,
        "FixtureNames" : [
            "Body3Fixture"
        ],
        "Color1" : [
            0.5,
            0.4,
            0.9
        ],
        "Color2" : [
            0.3,
            0.3,
            0.5
        ],
        "CanTouchGround" : false,
        "InitialForceScale" : 5,
        "ReportState" : false,
        "Depth" : 0
    },
    "Body4" : {
        "DataType" : "DynamicBody",
        "Position" : [
            110.14619696141928,
            161.32628889948614
        ],
        "Angle" : 0.0,
        "FixtureNames" : [
            "Body4Fixture"
        ],
        "Color1" : [
            0.5,
            0.4,
            0.9
        ],
        "Color2" : [
            0.3,
            0.3,
            0.5
        ],
        "CanTouchGround" : false,
        "InitialForceScale" : 5,
        "ReportState" : false,
        "Depth" : 0
    },
    "Leg-1" : {
        "DataType" : "DynamicBody",