{
    "Body0Fixture" : {
        "DataType" : "Fixture",
        "FixtureShape" : {
            "Type" : "PolygonShape",
            "Vertices" : [
                [
                    -3.392979449254315,
                    8.288756225699412
                ],
                [
                    3.392979449254315,
                    8.288756225699412
                ],
                [
                    3.392979449254315,
                    -8.288756225699412
                ],
                [
                    -3.392979449254315,
                    -8.288756225699412
                ]
            ]
        },
        "Friction" : 0.1,
        "Density" : 5.0,
        "Restitution" : 0.0,
        "MaskBits" : 1,
        "CategoryBits" : 32
    },
    "Body1Fixture" : {
        "DataType" : "Fixture",
        "FixtureShape" : {
            "Type" : "PolygonShape",
            "Vertices" : [
                [
                    -3.392979449254315,
                    8.288756225699412
                ],
                [
                    3.392979449254315,
                    8.288756225699412
                ],
                [
                    3.392979449254315,
                    -8.288756225699412
                ],
                [
                    -3.392979449254315,
                    -8.288756225699412
                ]
            ]
        },
        "Friction" : 0.1,
        "Density" : 5.0,
        "Restitution" : 0.0,
        "MaskBits" : 1,
        "CategoryBits" : 32
    },
    "Body2Fixture" : {
        "DataType" : "Fixture",
        "FixtureShape" : {
            "Type" : "PolygonShape",
            "Vertices" : [
                [
                    -3.392979449254315,
                    8.288756225699412
                ],
                [
                    3.392979449254315,
                    8.288756225699412
                ],
                [
                    3.392979449254315,
                    -8.288756225699412
                ],
                [
                    -3.392979449254315,
                    -8.288756225699412
                ]
            ]
        },
        "Friction" : 0.1,
        "Density" : 5.0,
        "Restitution" : 0.0,
        "MaskBits" : 1,
        "CategoryBits" : 32
    },
    "HullFixture" : {
        "DataType" : "Fixture",
        "FixtureShape" : {
            "Type" : "PolygonShape",
            "Vertices" : [
                [
                    -3.392979449254315,
                    8.288756225699412
                ],
                [
                    3.392979449254315,
                    8.288756225699412
                ],
                [
                    3.392979449254315,
                    -8.288756225699412
                ],
                [
                    -3.392979449254315,
                    -8.288756225699412
                ]
            ]
        },
        "Friction" : 0.1,
        "Density" : 5.0,
        "Restitution" : 0.0,
        "MaskBits" : 1,
        "CategoryBits" : 32
    },
    "Body4Fixture" : {
        "DataType" : "Fixture",
        "FixtureShape" : {
            "Type" : "PolygonShape",
            "Vertices" : [
                [
                    -3.392979449254315,
                    8.0
                ],
                [
                    3.392979449254315,
                    7.0
                ],
                [
                    3.392979449254315,
                    -8.288756225699412
                ],
                [
                    -3.392979449254315,
                    -8.288756225699412
                ]
            ]
        },
        "Friction" : 0.1,
        "Density" : 5.0,
        "Restitution" : 0.0,
        "MaskBits" : 1,
        "CategoryBits" : 32
    },
    "Body5Fixture" : {
        "DataType" : "Fixture",
        "FixtureShape" : {
            "Type" : "PolygonShape",
            "Vertices" : [
                [
                    -3.392979449254315,
                    7.0
                ],
                [
                    3.392979449254315,
                    6.0
                ],
                [
                    3.392979449254315,
                    -8.288756225699412
                ],
                [
                    -3.392979449254315,
                    -8.288756225699412
                ]
            ]
        },
        "Friction" : 0.1,
        "Density" : 5.0,
        "Restitution" : 0.0,
        "MaskBits" : 1,
        "CategoryBits" : 32
    },
    "Body6Fixture" : {
        "DataType" : "Fixture",
        "FixtureShape" : {
            "Type" : "PolygonShape",
            "Vertices" : [
                [
                    -3.392979449254315,
                    6.0
                ],
                [
                    3.392979449254315,
                    5.0
                ],
                [
                    3.392979449254315,
                    -8.288756225699412
                ],
                [
                    -3.392979449254315,
                    -8.288756225699412
                ]
            ]
        },
        "Friction" : 0.1,
        "Density" : 5.0,
        "Restitution" : 0.0,
        "MaskBits" : 1,
        "CategoryBits" : 32
    },
    "Body7Fixture" : {
        "DataType" : "Fixture",
        "FixtureShape" : {
            "Type" : "PolygonShape",
            "Vertices" : [
                [
                    -3.392979449254315,
                    5.0
                ],
                [
                    3.392979449254315,
                    4.0
                ],
                [
                    3.392979449254315,
                    -8.288756225699412
                ],
                [
                    -3.392979449254315,
                    -8.288756225699412
                ]
            ]
        },
        "Friction" : 0.1,
        "Density" : 5.0,
        "Restitution" : 0.0,
        "MaskBits" : 1,
        "CategoryBits" : 32
    },
    "LegFixture" : {
        "DataType" : "Fixture",
        "FixtureShape" : {
            "Type" : "PolygonShape",
            "Vertices" : [
                [
                    -3.9864430319322364,
                    -13.512465070781595
                ],
                [
                    3.9864430319322364,
                    -13.512465070781595
                ],
                [
                    3.9864430319322364,
                    13.512465070781595
                ],
                [
                    -3.9864430319322364,
                    13.512465070781595
                ]
            ]
        },
        "Friction" : 0.2,
        "Density" : 1.0,
        "Restitution" : 0.0,
        "MaskBits" : 1,
        "CategoryBits" : 32
    },
    "LowerFixture" : {
        "DataType" : "Fixture",
        "FixtureShape" : {
            "Type" : "PolygonShape",
            "Vertices" : [
                [
                    -3.3835238986816774,
                    -19.477732685120465
                ],
                [
                    3.3835238986816774,
                    -19.477732685120465
                ],
                [
                    3.3835238986816774,
                    19.477732685120465
                ],
                [
                    -3.3835238986816774,
                    19.477732685120465
                ]
            ]
        },
        "Friction" : 0.2,
        "Density" : 1.0,
        "Restitution" : 0.0,
        "MaskBits" : 1,
        "CategoryBits" : 32
    },
    "Body0" : {
        "DataType" : "DynamicBody",
        "Position" : [
            53.39297944925432,
            165.98039551180412
        ],
        "Angle" : 0.0,
        "FixtureNames" : [
            "Body0Fixture"
        ],
        "Color1" : [
            0.5,
            0.4,
            0.9
        ],
        "Color2" : [
            0.3,
            0.3,
            0.5
        ],