{
    "Body0Fixture" : {
        "DataType" : "Fixture",
        "FixtureShape" : {
            "Type" : "PolygonShape",
            "Vertices" : [
                [
                    -3.5277271224804334,
                    7.288380135199148
                ],
                [
                    3.5277271224804334,
                    7.288380135199148
                ],
                [
                    3.5277271224804334,
                    -7.288380135199148
                ],
                [
                    -3.5277271224804334,
                    -7.288380135199148
                ]
            ]
        },
        "Friction" : 0.1,
        "Density" : 5.0,
        "Restitution" : 0.0,
        "MaskBits" : 1,
        "CategoryBits" : 32
    },
    "Body1Fixture" : {
        "DataType" : "Fixture",
        "FixtureShape" : {
            "Type" : "PolygonShape",
            "Vertices" : [
                [
                    -3.5277271224804334,
                    7.288380135199148
                ],
                [
                    3.5277271224804334,
                    7.288380135199148
                ],
                [
                    3.5277271224804334,
                    -7.288380135199148
                ],
                [
                    -3.5277271224804334,
                    -7.288380135199148
                ]
            ]
        },
        "Friction" : 0.1,
        "Density" : 5.0,
        "Restitution" : 0.0,
        "MaskBits" : 1,
        "CategoryBits" : 32
    },
    "Body2Fixture" : {
        "DataType" : "Fixture",
        "FixtureShape" : {
            "Type" : "PolygonShape",
            "Vertices" : [
                [
                    -3.5277271224804334,
                    7.288380135199148
                ],
                [
                    3.5277271224804334,
                    7.288380135199148
                ],
                [
                    3.5277271224804334,
                    -7.288380135199148
                ],
                [
                    -3.5277271224804334,
                    -7.288380135199148
                ]
            ]
        },
        "Friction" : 0.1,
        "Density" : 5.0,
        "Restitution" : 0.0,
        "MaskBits" : 1,
        "CategoryBits" : 32
    },
    "HullFixture" : {
        "DataType" : "Fixture",
        "FixtureShape" : {
            "Type" : "PolygonShape",
            "Vertices" : [
                [
                    -3.5277271224804334,
                    7.288380135199148
                ],
                [
                    3.5277271224804334,
                    7.288380135199148
                ],
                [
                    3.5277271224804334,
                    -7.288380135199148
                ],
                [
                    -3.5277271224804334,
                    -7.288380135199148
                ]
            ]
        },
        "Friction" : 0.1,
        "Density" : 5.0,
        "Restitution" : 0.0,
        "MaskBits" : 1,
        "CategoryBits" : 32
    },
    "Body4Fixture" : {
        "DataType" : "Fixture",
        "FixtureShape" : {
            "Type" : "PolygonShape",
            "Vertices" : [
                [
                    -3.5277271224804334,
                    7.0
                ],
                [
                    3.5277271224804334,
                    6.125
                ],
                [
                    3.5277271224804334,
                    -7.288380135199148
                ],
                [
                    -3.5277271224804334,
                    -7.288380135199148
                ]
            ]
        },
        "Friction" : 0.1,
        "Density" : 5.0,
        "Restitution" : 0.0,
        "MaskBits" : 1,
        "CategoryBits" : 32
    },
    "Body5Fixture" : {
        "DataType" : "Fixture",
        "FixtureShape" : {
            "Type" : "PolygonShape",
            "Vertices" : [
                [
                    -3.5277271224804334,
                    6.125
                ],
                [
                    3.5277271224804334,
                    5.25
                ],
                [
                    3.5277271224804334,
                    -7.288380135199148
                ],
                [
                    -3.5277271224804334,
                    -7.288380135199148
                ]
            ]
        },
        "Friction" : 0.1,
        "Density" : 5.0,
        "Restitution" : 0.0,
        "MaskBits" : 1,
        "CategoryBits" : 32
    },
    "Body6Fixture" : {
        "DataType" : "Fixture",
        "FixtureShape" : {
            "Type" : "PolygonShape",
            "Vertices" : [
                [
                    -3.5277271224804334,
                    5.25
                ],
                [
                    3.5277271224804334,
                    4.375
                ],
                [
                    3.5277271224804334,
                    -7.288380135199148
                ],
                [
                    -3.5277271224804334,
                    -7.288380135199148
                ]
            ]
        },
        "Friction" : 0.1,
        "Density" : 5.0,
        "Restitution" : 0.0,
        "MaskBits" : 1,
        "CategoryBits" : 32
    },
    "Body7Fixture" : {
        "DataType" : "Fixture",
        "FixtureShape" : {
            "Type" : "PolygonShape",
            "Vertices" : [
                [
                    -3.5277271224804334,
                    4.375
                ],
                [
                    3.5277271224804334,
                    3.5
                ],
                [
                    3.5277271224804334,
                    -7.288380135199148
                ],
                [
                    -3.5277271224804334,
                    -7.288380135199148
                ]
            ]
        },
        "Friction" : 0.1,
        "Density" : 5.0,
        "Restitution" : 0.0,
        "MaskBits" : 1,
        "CategoryBits" : 32
    },
    "LegFixture" : {
        "DataType" : "Fixture",
        "FixtureShape" : {
            "Type" : "PolygonShape",
            "Vertices" : [
                [
                    -3.5633541443566763,
                    -14.951707161418526
                ],
                [
                    3.5633541443566763,
                    -14.951707161418526
                ],
                [
                    3.5633541443566763,
                    14.951707161418526
                ],
                [
                    -3.5633541443566763,
                    14.951707161418526
                ]
            ]
        },
        "Friction" : 0.2,
        "Density" : 1.0,
        "Restitution" : 0.0,
        "MaskBits" : 1,
        "CategoryBits" : 32
    },
    "LowerFixture" : {
        "DataType" : "Fixture",
        "FixtureShape" : {
            "Type" : "PolygonShape",
            "Vertices" : [
                [
                    -3.7215292009132064,
                    -20.156997583650934
                ],
                [
                    3.7215292009132064,
                    -20.156997583650934
                ],
                [
                    3.7215292009132064,
                    20.156997583650934
                ],
                [
                    -3.7215292009132064,
                    20.156997583650934
                ]
            ]
        },
        "Friction" : 0.2,
        "Density" : 1.0,
        "Restitution" : 0.0,
        "MaskBits" : 1,
        "CategoryBits" : 32
    },
    "Body0" : {
        "DataType" : "DynamicBody",
        "Position" : [
            53.527727122480435,
            170.21740949013892
        ],
        "Angle" : 0.0,
        "FixtureNames" : [
            "Body0Fixture"
        ],
        "Color1" : [
            0.5,
            0.4,
            0.9
        ],