{
    "Body0Fixture" : {
        "DataType" : "Fixture",
        "FixtureShape" : {
            "Type" : "PolygonShape",
            "Vertices" : [
                [
                    -4.742200809649028,
                    6.0443564897737545
                ],
                [
                    4.742200809649028,
                    6.0443564897737545
                ],
                [
                    4.742200809649028,
                    -6.0443564897737545
                ],
                [
                    -4.742200809649028,
                    -6.0443564897737545
                ]
            ]
        },
        "Friction" : 0.1,
        "Density" : 5.0,
        "Restitution" : 0.0,
        "MaskBits" : 1,
        "CategoryBits" : 32
    },
    "Body1Fixture" : {
        "DataType" : "Fixture",
        "FixtureShape" : {
            "Type" : "PolygonShape",
            "Vertices" : [
                [
                    -4.742200809649028,
                    6.0443564897737545
                ],
                [
                    4.742200809649028,
                    6.0443564897737545
                ],
                [
                    4.742200809649028,
                    -6.0443564897737545
                ],
                [
                    -4.742200809649028,
                    -6.0443564897737545
                ]
            ]
        },
        "Friction" : 0.1,
        "Density" : 5.0,
        "Restitution" : 0.0,
        "MaskBits" : 1,
        "CategoryBits" : 32
    },
    "Body2Fixture" : {
        "DataType" : "Fixture",
        "FixtureShape" : {
            "Type" : "PolygonShape",
            "Vertices" : [
                [
                    -4.742200809649028,
                    6.0443564897737545
                ],
                [
                    4.742200809649028,
                    6.0443564897737545
                ],
                [
                    4.742200809649028,
                    -6.0443564897737545
                ],
                [
                    -4.742200809649028,
                    -6.0443564897737545
                ]
            ]
        },
        "Friction" : 0.1,
        "Density" : 5.0,
        "Restitution" : 0.0,
        "MaskBits" : 1,
        "CategoryBits" : 32
    },
    "HullFixture" : {
        "DataType" : "Fixture",
        "FixtureShape" : {
            "Type" : "PolygonShape",
            "Vertices" : [
                [
                    -4.742200809649028,
                    6.0443564897737545
                ],
                [
                    4.742200809649028,
                    6.0443564897737545
                ],
                [
                    4.742200809649028,
                    -6.0443564897737545
                ],
                [
                    -4.742200809649028,
                    -6.0443564897737545
                ]
            ]
        },
        "Friction" : 0.1,
        "Density" : 5.0,
        "Restitution" : 0.0,
        "MaskBits" : 1,
        "CategoryBits" : 32
    },
    "Body4Fixture" : {
        "DataType" : "Fixture",
        "FixtureShape" : {
            "Type" : "PolygonShape",
            "Vertices" : [
                [
                    -4.742200809649028,
                    6.0
                ],
                [
                    4.742200809649028,
                    5.25
                ],
                [
                    4.742200809649028,
                    -6.0443564897737545
                ],
                [
                    -4.742200809649028,
                    -6.0443564897737545
                ]
            ]
        },
        "Friction" : 0.1,
        "Density" : 5.0,
        "Restitution" : 0.0,
        "MaskBits" : 1,
        "CategoryBits" : 32
    },
    "Body5Fixture" : {
        "DataType" : "Fixture",
        "FixtureShape" : {
            "Type" : "PolygonShape",
            "Vertices" : [
                [
                    -4.742200809649028,
                    5.25
                ],
                [
                    4.742200809649028,
                    4.5
                ],
                [
                    4.742200809649028,
                    -6.0443564897737545
                ],
                [
                    -4.742200809649028,
                    -6.0443564897737545
                ]
            ]
        },
        "Friction" : 0.1,
        "Density" : 5.0,
        "Restitution" : 0.0,
        "MaskBits" : 1,
        "CategoryBits" : 32
    },
    "Body6Fixture" : {
        "DataType" : "Fixture",
        "FixtureShape" : {
            "Type" : "PolygonShape",
            "Vertices" : [
                [
                    -4.742200809649028,
                    4.5
                ],
                [
                    4.742200809649028,
                    3.75
                ],
                [
                    4.742200809649028,
                    -6.0443564897737545
                ],
                [
                    -4.742200809649028,
                    -6.0443564897737545
                ]
            ]
        },
        "Friction" : 0.1,
        "Density" : 5.0,
        "Restitution" : 0.0,
        "MaskBits" : 1,
        "CategoryBits" : 32
    },
    "Body7Fixture" : {
        "DataType" : "Fixture",
        "FixtureShape" : {
            "Type" : "PolygonShape",
            "Vertices" : [
                [
                    -4.742200809649028,
                    3.75
                ],
                [
                    4.742200809649028,
                    3.0
                ],
                [
                    4.742200809649028,
                    -6.0443564897737545
                ],
                [
                    -4.742200809649028,
                    -6.0443564897737545
                ]
            ]
        },
        "Friction" : 0.1,
        "Density" : 5.0,
        "Restitution" : 0.0,
        "MaskBits" : 1,
        "CategoryBits" : 32
    },
    "LegFixture" : {
        "DataType" : "Fixture",
        "FixtureShape" : {
            "Type" : "PolygonShape",
            "Vertices" : [
                [
                    -3.6499515900659487,
                    -16.07495549226752
                ],
                [
                    3.6499515900659487,
                    -16.07495549226752
                ],
                [
                    3.6499515900659487,
                    16.07495549226752
                ],
                [
                    -3.6499515900659487,
                    16.07495549226752
                ]
            ]
        },
        "Friction" : 0.2,
        "Density" : 1.0,
        "Restitution" : 0.0,
        "MaskBits" : 1,
        "CategoryBits" : 32
    },
    "LowerFixture" : {
        "DataType" : "Fixture",
        "FixtureShape" : {
            "Type" : "PolygonShape",
            "Vertices" : [
                [
                    -3.6124744999150864,
                    -14.964099669922813
                ],
                [
                    3.6124744999150864,
                    -14.964099669922813
                ],
                [
                    3.6124744999150864,
                    14.964099669922813
                ],
                [
                    -3.6124744999150864,
                    14.964099669922813
                ]
            ]
        },
        "Friction" : 0.2,
        "Density" : 1.0,
        "Restitution" : 0.0,
        "MaskBits" : 1,
        "CategoryBits" : 32
    },
    "Body0" : {
        "DataType" : "DynamicBody",
        "Position" : [
            54.74220080964902,
            162.07811032438067
        ],
        "Angle" : 0.0,
        "FixtureNames" : [
            "Body0Fixture"
        ],
        "Color1" : [
            0.5,
            0.4,
            0.9
        ],