{
    "Body0Fixture" : {
        "DataType" : "Fixture",
        "FixtureShape" : {
            "Type" : "PolygonShape",
            "Vertices" : [
                [
                    -3.807403595916902,
                    6.203987515046315
                ],
                [
                    3.807403595916902,
                    6.203987515046315
                ],
                [
                    3.807403595916902,
                    -6.203987515046315
                ],
                [
                    -3.807403595916902,
                    -6.203987515046315
                ]
            ]
        },
        "Friction" : 0.1,
        "Density" : 5.0,
        "Restitution" : 0.0,
        "MaskBits" : 1,
        "CategoryBits" : 32
    },
    "Body1Fixture" : {
        "DataType" : "Fixture",
        "FixtureShape" : {
            "Type" : "PolygonShape",
            "Vertices" : [
                [
                    -3.807403595916902,
                    6.203987515046315
                ],
                [
                    3.807403595916902,
                    6.203987515046315
                ],
                [
                    3.807403595916902,
                    -6.203987515046315
                ],
                [
                    -3.807403595916902,
                    -6.203987515046315
                ]
            ]
        },
        "Friction" : 0.1,
        "Density" : 5.0,
        "Restitution" : 0.0,
        "MaskBits" : 1,
        "CategoryBits" : 32
    },
    "Body2Fixture" : {
        "DataType" : "Fixture",
        "FixtureShape" : {
            "Type" : "PolygonShape",
            "Vertices" : [
                [
                    -3.807403595916902,
                    6.203987515046315
                ],
                [
                    3.807403595916902,
                    6.203987515046315
                ],
                [
                    3.807403595916902,
                    -6.203987515046315
                ],
                [
                    -3.807403595916902,
                    -6.203987515046315
                ]
            ]
        },
        "Friction" : 0.1,
        "Density" : 5.0,
        "Restitution" : 0.0,
        "MaskBits" : 1,
        "CategoryBits" : 32
    },
    "HullFixture" : {
        "DataType" : "Fixture",
        "FixtureShape" : {
            "Type" : "PolygonShape",
            "Vertices" : [
                [
                    -3.807403595916902,
                    6.0
                ],
                [
                    3.807403595916902,
                    5.142857142857143
                ],
                [
                    3.807403595916902,
                    -6.203987515046315
                ],
                [
                    -3.807403595916902,
                    -6.203987515046315
                ]
            ]
        },
        "Friction" : 0.1,
        "Density" : 5.0,
        "Restitution" : 0.0,
        "MaskBits" : 1,
        "CategoryBits" : 32
    },
    "Body4Fixture" : {
        "DataType" : "Fixture",
        "FixtureShape" : {
            "Type" : "PolygonShape",
            "Vertices" : [
                [
                    -3.807403595916902,
                    5.142857142857143
                ],
                [
                    3.807403595916902,
                    4.285714285714286
                ],
                [
                    3.807403595916902,
                    -6.203987515046315
                ],
                [
                    -3.807403595916902,
                    -6.203987515046315
                ]
            ]
        },
        "Friction" : 0.1,
        "Density" : 5.0,
        "Restitution" : 0.0,
        "MaskBits" : 1,
        "CategoryBits" : 32
    },
    "Body5Fixture" : {
        "DataType" : "Fixture",
        "FixtureShape" : {
            "Type" : "PolygonShape",
            "Vertices" : [
                [
                    -3.807403595916902,
                    4.285714285714286
                ],
                [
                    3.807403595916902,
                    3.428571428571429
                ],
                [
                    3.807403595916902,
                    -6.203987515046315
                ],
                [
                    -3.807403595916902,
                    -6.203987515046315
                ]
            ]
        },
        "Friction" : 0.1,
        "Density" : 5.0,
        "Restitution" : 0.0,
        "MaskBits" : 1,
        "CategoryBits" : 32
    },
    "Body6Fixture" : {
        "DataType" : "Fixture",
        "FixtureShape" : {
            "Type" : "PolygonShape",
            "Vertices" : [
                [
                    -3.807403595916902,
                    3.428571428571429
                ],
                [
                    3.807403595916902,
                    2.5714285714285716
                ],
                [
                    3.807403595916902,
                    -6.203987515046315
                ],
                [
                    -3.807403595916902,
                    -6.203987515046315
                ]
            ]
        },
        "Friction" : 0.1,
        "Density" : 5.0,
        "Restitution" : 0.0,
        "MaskBits" : 1,
        "CategoryBits" : 32
    },
    "LegFixture" : {
        "DataType" : "Fixture",
        "FixtureShape" : {
            "Type" : "PolygonShape",
            "Vertices" : [
                [
                    -3.665939149212449,
                    -16.663921156502724
                ],
                [
                    3.665939149212449,
                    -16.663921156502724
                ],
                [
                    3.665939149212449,
                    16.663921156502724
                ],
                [
                    -3.665939149212449,
                    16.663921156502724
                ]
            ]
        },
        "Friction" : 0.2,
        "Density" : 1.0,
        "Restitution" : 0.0,
        "MaskBits" : 1,
        "CategoryBits" : 32
    },
    "LowerFixture" : {
        "DataType" : "Fixture",
        "FixtureShape" : {
            "Type" : "PolygonShape",
            "Vertices" : [
                [
                    -3.2685049500930665,
                    -19.66959317189251
                ],
                [
                    3.2685049500930665,
                    -19.66959317189251
                ],
                [
                    3.2685049500930665,
                    19.66959317189251
                ],
                [
                    -3.2685049500930665,
                    19.66959317189251
                ]
            ]
        },
        "Friction" : 0.2,
        "Density" : 1.0,
        "Restitution" : 0.0,
        "MaskBits" : 1,
        "CategoryBits" : 32
    },
    "Body0" : {
        "DataType" : "DynamicBody",
        "Position" : [
            53.8074035959169,
            172.66702865679048
        ],
        "Angle" : 0.0,
        "FixtureNames" : [
            "Body0Fixture"
        ],
        "Color1" : [
            0.5,
            0.4,
            0.9
        ],
        "Color2" : [
            0.3,
            0.3,
            0.5
        ],
        "CanTouchGround" : false,
        "InitialForceScale" : 5,
        "ReportState" : false,
        "Depth" : 0
    },
    "Body1" : {
        "DataType" : "DynamicBody",
        "Position" : [
            61.42221078775071,
            172.66702865679048
        ],
        "Angle" : 0.0,
        "FixtureNames" : [
            "Body1Fixture"
        ],
        "Color1" : [
            0.5,
            0.4,
            0.9
        ],
        "Color2" : [
            0.3,
            0.3,
            0.5
        ],
        "CanTouchGround" : false,
        "InitialForceScale" : 5,
        "ReportState" : false,
        "Depth" : 0
    },