{
    "Body0Fixture" : {
        "DataType" : "Fixture",
        "FixtureShape" : {
            "Type" : "PolygonShape",
            "Vertices" : [
                [
                    -4.685003100830566,
                    6.95559884471224
                ],
                [
                    4.685003100830566,
                    6.95559884471224
                ],
                [
                    4.685003100830566,
                    -6.95559884471224
                ],
                [
                    -4.685003100830566,
                    -6.95559884471224
                ]
            ]
        },
        "Friction" : 0.1,
        "Density" : 5.0,
        "Restitution" : 0.0,
        "MaskBits" : 1,
        "CategoryBits" : 32
    },
    "Body1Fixture" : {
        "DataType" : "Fixture",
        "FixtureShape" : {
            "Type" : "PolygonShape",
            "Vertices" : [
                [
                    -4.685003100830566,
                    6.95559884471224
                ],
                [
                    4.685003100830566,
                    6.95559884471224
                ],
                [
                    4.685003100830566,
                    -6.95559884471224
                ],
                [
                    -4.685003100830566,
                    -6.95559884471224
                ]
            ]
        },
        "Friction" : 0.1,
        "Density" : 5.0,
        "Restitution" : 0.0,
        "MaskBits" : 1,
        "CategoryBits" : 32
    },
    "Body2Fixture" : {
        "DataType" : "Fixture",
        "FixtureShape" : {
            "Type" : "PolygonShape",
            "Vertices" : [
                [
                    -4.685003100830566,
                    6.95559884471224
                ],
                [
                    4.685003100830566,
                    6.95559884471224
                ],
                [
                    4.685003100830566,
                    -6.95559884471224
                ],
                [
                    -4.685003100830566,
                    -6.95559884471224
                ]
            ]
        },
        "Friction" : 0.1,
        "Density" : 5.0,
        "Restitution" : 0.0,
        "MaskBits" : 1,
        "CategoryBits" : 32
    },
    "HullFixture" : {
        "DataType" : "Fixture",
        "FixtureShape" : {
            "Type" : "PolygonShape",
            "Vertices" : [
                [
                    -4.685003100830566,
                    6.0
                ],
                [
                    4.685003100830566,
                    5.142857142857143
                ],
                [
                    4.685003100830566,
                    -6.95559884471224
                ],
                [
                    -4.685003100830566,
                    -6.95559884471224
                ]
            ]
        },
        "Friction" : 0.1,
        "Density" : 5.0,
        "Restitution" : 0.0,
        "MaskBits" : 1,
        "CategoryBits" : 32
    },
    "Body4Fixture" : {
        "DataType" : "Fixture",
        "FixtureShape" : {
            "Type" : "PolygonShape",
            "Vertices" : [
                [
                    -4.685003100830566,
                    5.142857142857143
                ],
                [
                    4.685003100830566,
                    4.285714285714286
                ],
                [
                    4.685003100830566,
                    -6.95559884471224
                ],
                [
                    -4.685003100830566,
                    -6.95559884471224
                ]
            ]
        },
        "Friction" : 0.1,
        "Density" : 5.0,
        "Restitution" : 0.0,
        "MaskBits" : 1,
        "CategoryBits" : 32
    },
    "Body5Fixture" : {
        "DataType" : "Fixture",
        "FixtureShape" : {
            "Type" : "PolygonShape",
            "Vertices" : [
                [
                    -4.685003100830566,
                    4.285714285714286
                ],
                [
                    4.685003100830566,
                    3.428571428571429
                ],
                [
                    4.685003100830566,
                    -6.95559884471224
                ],
                [
                    -4.685003100830566,
                    -6.95559884471224
                ]
            ]
        },
        "Friction" : 0.1,
        "Density" : 5.0,
        "Restitution" : 0.0,
        "MaskBits" : 1,
        "CategoryBits" : 32
    },
    "Body6Fixture" : {
        "DataType" : "Fixture",
        "FixtureShape" : {
            "Type" : "PolygonShape",
            "Vertices" : [
                [
                    -4.685003100830566,
                    3.428571428571429
                ],
                [
                    4.685003100830566,
                    2.5714285714285716
                ],
                [
                    4.685003100830566,
                    -6.95559884471224
                ],
                [
                    -4.685003100830566,
                    -6.95559884471224
                ]
            ]
        },
        "Friction" : 0.1,
        "Density" : 5.0,
        "Restitution" : 0.0,
        "MaskBits" : 1,
        "CategoryBits" : 32
    },
    "LegFixture" : {
        "DataType" : "Fixture",
        "FixtureShape" : {
            "Type" : "PolygonShape",
            "Vertices" : [
                [
                    -4.180903625263147,
                    -17.49529656496384
                ],
                [
                    4.180903625263147,
                    -17.49529656496384
                ],
                [
                    4.180903625263147,
                    17.49529656496384
                ],
                [
                    -4.180903625263147,
                    17.49529656496384
                ]
            ]
        },
        "Friction" : 0.2,
        "Density" : 1.0,
        "Restitution" : 0.0,
        "MaskBits" : 1,
        "CategoryBits" : 32
    },
    "LowerFixture" : {
        "DataType" : "Fixture",
        "FixtureShape" : {
            "Type" : "PolygonShape",
            "Vertices" : [
                [
                    -3.119254084071663,
                    -16.324402770435164
                ],
                [
                    3.119254084071663,
                    -16.324402770435164
                ],
                [
                    3.119254084071663,
                    16.324402770435164
                ],
                [
                    -3.119254084071663,
                    16.324402770435164
                ]
            ]
        },
        "Friction" : 0.2,
        "Density" : 1.0,
        "Restitution" : 0.0,
        "MaskBits" : 1,
        "CategoryBits" : 32
    },
    "Body0" : {
        "DataType" : "DynamicBody",
        "Position" : [
            54.68500310083056,
            167.63939867079802
        ],
        "Angle" : 0.0,
        "FixtureNames" : [
            "Body0Fixture"
        ],
        "Color1" : [
            0.5,
            0.4,
            0.9
        ],
        "Color2" : [
            0.3,
            0.3,
            0.5
        ],
        "CanTouchGround" : false,
        "InitialForceScale" : 5,
        "ReportState" : false,
        "Depth" : 0
    },
    "Body1" : {
        "DataType" : "DynamicBody",
        "Position" : [
            64.0550093024917,
            167.63939867079802
        ],
        "Angle" : 0.0,
        "FixtureNames" : [
            "Body1Fixture"
        ],
        "Color1" : [
            0.5,
            0.4,
            0.9
        ],
        "Color2" : [
            0.3,
            0.3,
            0.5
        ],
        "CanTouchGround" : false,
        "InitialForceScale" : 5,
        "ReportState" : false,
        "Depth" : 0
    },
    "Body2" : {
        "DataType" : "DynamicBody",