{
    "Body0Fixture" : {
        "DataType" : "Fixture",
        "FixtureShape" : {
            "Type" : "PolygonShape",
            "Vertices" : [
                [
                    -7.559778712236394,
                    7.198251441099767
                ],
                [
                    7.559778712236394,
                    7.198251441099767
                ],
                [
                    7.559778712236394,
                    -7.198251441099767
                ],
                [
                    -7.559778712236394,
                    -7.198251441099767
                ]
            ]
        },
        "Friction" : 0.1,
        "Density" : 5.0,
        "Restitution" : 0.0,
        "MaskBits" : 1,
        "CategoryBits" : 32
    },
    "Body1Fixture" : {
        "DataType" : "Fixture",
        "FixtureShape" : {
            "Type" : "PolygonShape",
            "Vertices" : [
                [
                    -7.559778712236394,
                    7.198251441099767
                ],
                [
                    7.559778712236394,
                    7.198251441099767
                ],
                [
                    7.559778712236394,
                    -7.198251441099767
                ],
                [
                    -7.559778712236394,
                    -7.198251441099767
                ]
            ]
        },
        "Friction" : 0.1,
        "Density" : 5.0,
        "Restitution" : 0.0,
        "MaskBits" : 1,
        "CategoryBits" : 32
    },
    "HullFixture" : {
        "DataType" : "Fixture",
        "FixtureShape" : {
            "Type" : "PolygonShape",
            "Vertices" : [
                [
                    -7.559778712236394,
                    7.0
                ],
                [
                    7.559778712236394,
                    5.6
                ],
                [
                    7.559778712236394,
                    -7.198251441099767
                ],
                [
                    -7.559778712236394,
                    -7.198251441099767
                ]
            ]
        },
        "Friction" : 0.1,
        "Density" : 5.0,
        "Restitution" : 0.0,
        "MaskBits" : 1,
        "CategoryBits" : 32
    },
    "Body3Fixture" : {
        "DataType" : "Fixture",
        "FixtureShape" : {
            "Type" : "PolygonShape",
            "Vertices" : [
                [
                    -7.559778712236394,
                    5.6
                ],
                [
                    7.559778712236394,
                    4.2
                ],
                [
                    7.559778712236394,
                    -7.198251441099767
                ],
                [
                    -7.559778712236394,
                    -7.198251441099767
                ]
            ]
        },
        "Friction" : 0.1,
        "Density" : 5.0,
        "Restitution" : 0.0,
        "MaskBits" : 1,
        "CategoryBits" : 32
    },
    "Body4Fixture" : {
        "DataType" : "Fixture",
        "FixtureShape" : {
            "Type" : "PolygonShape",
            "Vertices" : [
                [
                    -7.559778712236394,
                    4.2
                ],
                [
                    7.559778712236394,
                    2.8000000000000007
                ],
                [
                    7.559778712236394,
                    -7.198251441099767
                ],
                [
                    -7.559778712236394,
                    -7.198251441099767
                ]
            ]
        },
        "Friction" : 0.1,
        "Density" : 5.0,
        "Restitution" : 0.0,
        "MaskBits" : 1,
        "CategoryBits" : 32
    },
    "LegFixture" : {
        "DataType" : "Fixture",
        "FixtureShape" : {
            "Type" : "PolygonShape",
            "Vertices" : [
                [
                    -3.513252568265557,
                    -15.534499885614757
                ],
                [
                    3.513252568265557,
                    -15.534499885614757
                ],
                [
                    3.513252568265557,
                    15.534499885614757
                ],
                [
                    -3.513252568265557,
                    15.534499885614757
                ]
            ]
        },
        "Friction" : 0.2,
        "Density" : 1.0,
        "Restitution" : 0.0,
        "MaskBits" : 1,
        "CategoryBits" : 32
    },
    "LowerFixture" : {
        "DataType" : "Fixture",
        "FixtureShape" : {
            "Type" : "PolygonShape",
            "Vertices" : [
                [
                    -3.314481479785565,
                    -19.6804590835608
                ],
                [
                    3.314481479785565,
                    -19.6804590835608
                ],
                [
                    3.314481479785565,
                    19.6804590835608
                ],
                [
                    -3.314481479785565,
                    19.6804590835608
                ]
            ]
        },
        "Friction" : 0.2,
        "Density" : 1.0,
        "Restitution" : 0.0,
        "MaskBits" : 1,
        "CategoryBits" : 32
    },
    "Body0" : {
        "DataType" : "DynamicBody",
        "Position" : [
            57.559778712236394,
            170.42991793835114
        ],
        "Angle" : 0.0,
        "FixtureNames" : [
            "Body0Fixture"
        ],
        "Color1" : [
            0.5,
            0.4,
            0.9
        ],
        "Color2" : [
            0.3,
            0.3,
            0.5
        ],
        "CanTouchGround" : false,
        "InitialForceScale" : 5,
        "ReportState" : false,
        "Depth" : 0
    },
    "Body1" : {
        "DataType" : "DynamicBody",
        "Position" : [
            72.67933613670918,
            170.42991793835114
        ],
        "Angle" : 0.0,
        "FixtureNames" : [
            "Body1Fixture"
        ],
        "Color1" : [
            0.5,
            0.4,
            0.9
        ],
        "Color2" : [
            0.3,
            0.3,
            0.5
        ],
        "CanTouchGround" : false,
        "InitialForceScale" : 5,
        "ReportState" : false,
        "Depth" : 0
    },
    "Hull" : {
        "DataType" : "DynamicBody",
        "Position" : [
            87.79889356118197,
            170.42991793835114
        ],
        "Angle" : 0.0,
        "FixtureNames" : [
            "HullFixture"
        ],
        "Color1" : [
            0.5,
            0.4,
            0.9
        ],
        "Color2" : [
            0.3,
            0.3,
            0.5
        ],
        "CanTouchGround" : false,
        "InitialForceScale" : 5,
        "ReportState" : true,
        "Depth" : 0
    },
    "Body3" : {
        "DataType" : "DynamicBody",
        "Position" : [
            102.91845098565476,
            170.42991793835114
        ],
        "Angle" : 0.0,
        "FixtureNames" : [
            "Body3Fixture"
        ],
        "Color1" : [
            0.5,
            0.4,
            0.9
        ],
        "Color2" : [
            0.3,
            0.3,
            0.5
        ],
        "CanTouchGround" : false,
        "InitialForceScale" : 5,
        "ReportState" : false,
        "Depth" : 0
    },
    "Body4" : {
        "DataType" : "DynamicBody",
        "Position" : [
            118.03800841012755,
            170.42991793835114
        ],
        "Angle" : 0.0,
        "FixtureNames" : [
            "Body4Fixture"
        ],
        "Color1" : [
            0.5,
            0.4,
            0.9
        ],
        "Color2" : [
            0.3,
            0.3,
            0.5
        ],
        "CanTouchGround" : false,
        "InitialForceScale" : 5,
        "ReportState" : false,
        "Depth" : 0
    },
    "Leg-1" : {
        "DataType" : "DynamicBody",