{
    "Body0Fixture" : {
        "DataType" : "Fixture",
        "FixtureShape" : {
            "Type" : "PolygonShape",
            "Vertices" : [
                [
                    -4.912534741201937,
                    8.880348525625108
                ],
                [
                    4.912534741201937,
                    8.880348525625108
                ],
                [
                    4.912534741201937,
                    -8.880348525625108
                ],
                [
                    -4.912534741201937,
                    -8.880348525625108
                ]
            ]
        },
        "Friction" : 0.1,
        "Density" : 5.0,
        "Restitution" : 0.0,
        "MaskBits" : 1,
        "CategoryBits" : 32
    },
    "Body1Fixture" : {
        "DataType" : "Fixture",
        "FixtureShape" : {
            "Type" : "PolygonShape",
            "Vertices" : [
                [
                    -4.912534741201937,
                    8.880348525625108
                ],
                [
                    4.912534741201937,
                    8.880348525625108
                ],
                [
                    4.912534741201937,
                    -8.880348525625108
                ],
                [
                    -4.912534741201937,
                    -8.880348525625108
                ]
            ]
        },
        "Friction" : 0.1,
        "Density" : 5.0,
        "Restitution" : 0.0,
        "MaskBits" : 1,
        "CategoryBits" : 32
    },
    "Body2Fixture" : {
        "DataType" : "Fixture",
        "FixtureShape" : {
            "Type" : "PolygonShape",
            "Vertices" : [
                [
                    -4.912534741201937,
                    8.880348525625108
                ],
                [
                    4.912534741201937,
                    8.880348525625108
                ],
                [
                    4.912534741201937,
                    -8.880348525625108
                ],
                [
                    -4.912534741201937,
                    -8.880348525625108
                ]
            ]
        },
        "Friction" : 0.1,
        "Density" : 5.0,
        "Restitution" : 0.0,
        "MaskBits" : 1,
        "CategoryBits" : 32
    },
    "HullFixture" : {
        "DataType" : "Fixture",
        "FixtureShape" : {
            "Type" : "PolygonShape",
            "Vertices" : [
                [
                    -4.912534741201937,
                    8.880348525625108
                ],
                [
                    4.912534741201937,
                    8.880348525625108
                ],
                [
                    4.912534741201937,
                    -8.880348525625108
                ],
                [
                    -4.912534741201937,
                    -8.880348525625108
                ]
            ]
        },
        "Friction" : 0.1,
        "Density" : 5.0,
        "Restitution" : 0.0,
        "MaskBits" : 1,
        "CategoryBits" : 32
    },
    "Body4Fixture" : {
        "DataType" : "Fixture",
        "FixtureShape" : {
            "Type" : "PolygonShape",
            "Vertices" : [
                [
                    -4.912534741201937,
                    8.0
                ],
                [
                    4.912534741201937,
                    7.0
                ],
                [
                    4.912534741201937,
                    -8.880348525625108
                ],
                [
                    -4.912534741201937,
                    -8.880348525625108
                ]
            ]
        },
        "Friction" : 0.1,
        "Density" : 5.0,
        "Restitution" : 0.0,
        "MaskBits" : 1,
        "CategoryBits" : 32
    },
    "Body5Fixture" : {
        "DataType" : "Fixture",
        "FixtureShape" : {
            "Type" : "PolygonShape",
            "Vertices" : [
                [
                    -4.912534741201937,
                    7.0
                ],
                [
                    4.912534741201937,
                    6.0
                ],
                [
                    4.912534741201937,
                    -8.880348525625108
                ],
                [
                    -4.912534741201937,
                    -8.880348525625108
                ]
            ]
        },
        "Friction" : 0.1,
        "Density" : 5.0,
        "Restitution" : 0.0,
        "MaskBits" : 1,
        "CategoryBits" : 32
    },
    "Body6Fixture" : {
        "DataType" : "Fixture",
        "FixtureShape" : {
            "Type" : "PolygonShape",
            "Vertices" : [
                [
                    -4.912534741201937,
                    6.0
                ],
                [
                    4.912534741201937,
                    5.0
                ],
                [
                    4.912534741201937,
                    -8.880348525625108
                ],
                [
                    -4.912534741201937,
                    -8.880348525625108
                ]
            ]
        },
        "Friction" : 0.1,
        "Density" : 5.0,
        "Restitution" : 0.0,
        "MaskBits" : 1,
        "CategoryBits" : 32
    },
    "Body7Fixture" : {
        "DataType" : "Fixture",
        "FixtureShape" : {
            "Type" : "PolygonShape",
            "Vertices" : [
                [
                    -4.912534741201937,
                    5.0
                ],
                [
                    4.912534741201937,
                    4.0
                ],
                [
                    4.912534741201937,
                    -8.880348525625108
                ],
                [
                    -4.912534741201937,
                    -8.880348525625108
                ]
            ]
        },
        "Friction" : 0.1,
        "Density" : 5.0,
        "Restitution" : 0.0,
        "MaskBits" : 1,
        "CategoryBits" : 32
    },
    "LegFixture" : {
        "DataType" : "Fixture",
        "FixtureShape" : {
            "Type" : "PolygonShape",
            "Vertices" : [
                [
                    -3.4054921914088228,
                    -13.948702027699207
                ],
                [
                    3.4054921914088228,
                    -13.948702027699207
                ],
                [
                    3.4054921914088228,
                    13.948702027699207
                ],
                [
                    -3.4054921914088228,
                    13.948702027699207
                ]
            ]
        },
        "Friction" : 0.2,
        "Density" : 1.0,
        "Restitution" : 0.0,
        "MaskBits" : 1,
        "CategoryBits" : 32
    },
    "LowerFixture" : {
        "DataType" : "Fixture",
        "FixtureShape" : {
            "Type" : "PolygonShape",
            "Vertices" : [
                [
                    -2.773097859825006,
                    -14.833714944255398
                ],
                [
                    2.773097859825006,
                    -14.833714944255398
                ],
                [
                    2.773097859825006,
                    14.833714944255398
                ],
                [
                    -2.773097859825006,
                    14.833714944255398
                ]
            ]
        },
        "Friction" : 0.2,
        "Density" : 1.0,
        "Restitution" : 0.0,
        "MaskBits" : 1,
        "CategoryBits" : 32
    },
    "Body0" : {
        "DataType" : "DynamicBody",
        "Position" : [
            54.912534741201945,
            157.5648339439092
        ],
        "Angle" : 0.0,
        "FixtureNames" : [
            "Body0Fixture"
        ],
        "Color1" : [
            0.5,
            0.4,
            0.9
        ],
        "Color2" : [
            0.3,
            0.3,
            0.5
        ],