{
    "Body0Fixture" : {
        "DataType" : "Fixture",
        "FixtureShape" : {
            "Type" : "PolygonShape",
            "Vertices" : [
                [
                    -3.8607895296747636,
                    6.411590536932621
                ],
                [
                    3.8607895296747636,
                    6.411590536932621
                ],
                [
                    3.8607895296747636,
                    -6.411590536932621
                ],
                [
                    -3.8607895296747636,
                    -6.411590536932621
                ]
            ]
        },
        "Friction" : 0.1,
        "Density" : 5.0,
        "Restitution" : 0.0,
        "MaskBits" : 1,
        "CategoryBits" : 32
    },
    "Body1Fixture" : {
        "DataType" : "Fixture",
        "FixtureShape" : {
            "Type" : "PolygonShape",
            "Vertices" : [
                [
                    -3.8607895296747636,
                    6.411590536932621
                ],
                [
                    3.8607895296747636,
                    6.411590536932621
                ],
                [
                    3.8607895296747636,
                    -6.411590536932621
                ],
                [
                    -3.8607895296747636,
                    -6.411590536932621
                ]
            ]
        },
        "Friction" : 0.1,
        "Density" : 5.0,
        "Restitution" : 0.0,
        "MaskBits" : 1,
        "CategoryBits" : 32
    },
    "Body2Fixture" : {
        "DataType" : "Fixture",
        "FixtureShape" : {
            "Type" : "PolygonShape",
            "Vertices" : [
                [
                    -3.8607895296747636,
                    6.411590536932621
                ],
                [
                    3.8607895296747636,
                    6.411590536932621
                ],
                [
                    3.8607895296747636,
                    -6.411590536932621
                ],
                [
                    -3.8607895296747636,
                    -6.411590536932621
                ]
            ]
        },
        "Friction" : 0.1,
        "Density" : 5.0,
        "Restitution" : 0.0,
        "MaskBits" : 1,
        "CategoryBits" : 32
    },
    "HullFixture" : {
        "DataType" : "Fixture",
        "FixtureShape" : {
            "Type" : "PolygonShape",
            "Vertices" : [
                [
                    -3.8607895296747636,
                    6.0
                ],
                [
                    3.8607895296747636,
                    5.142857142857143
                ],
                [
                    3.8607895296747636,
                    -6.411590536932621
                ],
                [
                    -3.8607895296747636,
                    -6.411590536932621
                ]
            ]
        },
        "Friction" : 0.1,
        "Density" : 5.0,
        "Restitution" : 0.0,
        "MaskBits" : 1,
        "CategoryBits" : 32
    },
    "Body4Fixture" : {
        "DataType" : "Fixture",
        "FixtureShape" : {
            "Type" : "PolygonShape",
            "Vertices" : [
                [
                    -3.8607895296747636,
                    5.142857142857143
                ],
                [
                    3.8607895296747636,
                    4.285714285714286
                ],
                [
                    3.8607895296747636,
                    -6.411590536932621
                ],
                [
                    -3.8607895296747636,
                    -6.411590536932621
                ]
            ]
        },
        "Friction" : 0.1,
        "Density" : 5.0,
        "Restitution" : 0.0,
        "MaskBits" : 1,
        "CategoryBits" : 32
    },
    "Body5Fixture" : {
        "DataType" : "Fixture",
        "FixtureShape" : {
            "Type" : "PolygonShape",
            "Vertices" : [
                [
                    -3.8607895296747636,
                    4.285714285714286
                ],
                [
                    3.8607895296747636,
                    3.428571428571429
                ],
                [
                    3.8607895296747636,
                    -6.411590536932621
                ],
                [
                    -3.8607895296747636,
                    -6.411590536932621
                ]
            ]
        },
        "Friction" : 0.1,
        "Density" : 5.0,
        "Restitution" : 0.0,
        "MaskBits" : 1,
        "CategoryBits" : 32
    },
    "Body6Fixture" : {
        "DataType" : "Fixture",
        "FixtureShape" : {
            "Type" : "PolygonShape",
            "Vertices" : [
                [
                    -3.8607895296747636,
                    3.428571428571429
                ],
                [
                    3.8607895296747636,
                    2.5714285714285716
                ],
                [
                    3.8607895296747636,
                    -6.411590536932621
                ],
                [
                    -3.8607895296747636,
                    -6.411590536932621
                ]
            ]
        },
        "Friction" : 0.1,
        "Density" : 5.0,
        "Restitution" : 0.0,
        "MaskBits" : 1,
        "CategoryBits" : 32
    },
    "LegFixture" : {
        "DataType" : "Fixture",
        "FixtureShape" : {
            "Type" : "PolygonShape",
            "Vertices" : [
                [
                    -4.965485911132827,
                    -18.898471085006967
                ],
                [
                    4.965485911132827,
                    -18.898471085006967
                ],
                [
                    4.965485911132827,
                    18.898471085006967
                ],
                [
                    -4.965485911132827,
                    18.898471085006967
                ]
            ]
        },
        "Friction" : 0.2,
        "Density" : 1.0,
        "Restitution" : 0.0,
        "MaskBits" : 1,
        "CategoryBits" : 32
    },
    "LowerFixture" : {
        "DataType" : "Fixture",
        "FixtureShape" : {
            "Type" : "PolygonShape",
            "Vertices" : [
                [
                    -3.0453618354286407,
                    -17.318726140915146
                ],
                [
                    3.0453618354286407,
                    -17.318726140915146
                ],
                [
                    3.0453618354286407,
                    17.318726140915146
                ],
                [
                    -3.0453618354286407,
                    17.318726140915146
                ]
            ]
        },
        "Friction" : 0.2,
        "Density" : 1.0,
        "Restitution" : 0.0,
        "MaskBits" : 1,
        "CategoryBits" : 32
    },
    "Body0" : {
        "DataType" : "DynamicBody",
        "Position" : [
            53.86078952967476,
            172.43439445184424
        ],
        "Angle" : 0.0,
        "FixtureNames" : [
            "Body0Fixture"
        ],
        "Color1" : [
            0.5,
            0.4,
            0.9
        ],
        "Color2" : [
            0.3,
            0.3,
            0.5
        ],
        "CanTouchGround" : false,
        "InitialForceScale" : 5,
        "ReportState" : false,
        "Depth" : 0
    },
    "Body1" : {
        "DataType" : "DynamicBody",
        "Position" : [
            61.58236858902429,
            172.43439445184424
        ],
        "Angle" : 0.0,
        "FixtureNames" : [
            "Body1Fixture"
        ],
        "Color1" : [
            0.5,
            0.4,
            0.9
        ],
        "Color2" : [
            0.3,
            0.3,
            0.5
        ],
        "CanTouchGround" : false,
        "InitialForceScale" : 5,
        "ReportState" : false,
        "Depth" : 0
    },