{
    "Body0Fixture" : {
        "DataType" : "Fixture",
        "FixtureShape" : {
            "Type" : "PolygonShape",
            "Vertices" : [
                [
                    -4.062795823545417,
                    8.339425871090643
                ],
                [
                    4.062795823545417,
                    8.339425871090643
                ],
                [
                    4.062795823545417,
                    -8.339425871090643
                ],
                [
                    -4.062795823545417,
                    -8.339425871090643
                ]
            ]
        },
        "Friction" : 0.1,
        "Density" : 5.0,
        "Restitution" : 0.0,
        "MaskBits" : 1,
        "CategoryBits" : 32
    },
    "Body1Fixture" : {
        "DataType" : "Fixture",
        "FixtureShape" : {
            "Type" : "PolygonShape",
            "Vertices" : [
                [
                    -4.062795823545417,
                    8.339425871090643
                ],
                [
                    4.062795823545417,
                    8.339425871090643
                ],
                [
                    4.062795823545417,
                    -8.339425871090643
                ],
                [
                    -4.062795823545417,
                    -8.339425871090643
                ]
            ]
        },
        "Friction" : 0.1,
        "Density" : 5.0,
        "Restitution" : 0.0,
        "MaskBits" : 1,
        "CategoryBits" : 32
    },
    "Body2Fixture" : {
        "DataType" : "Fixture",
        "FixtureShape" : {
            "Type" : "PolygonShape",
            "Vertices" : [
                [
                    -4.062795823545417,
                    8.339425871090643
                ],
                [
                    4.062795823545417,
                    8.339425871090643
                ],
                [
                    4.062795823545417,
                    -8.339425871090643
                ],
                [
                    -4.062795823545417,
                    -8.339425871090643
                ]
            ]
        },
        "Friction" : 0.1,
        "Density" : 5.0,
        "Restitution" : 0.0,
        "MaskBits" : 1,
        "CategoryBits" : 32
    },
    "HullFixture" : {
        "DataType" : "Fixture",
        "FixtureShape" : {
            "Type" : "PolygonShape",
            "Vertices" : [
                [
                    -4.062795823545417,
                    8.339425871090643
                ],
                [
                    4.062795823545417,
                    8.339425871090643
                ],
                [
                    4.062795823545417,
                    -8.339425871090643
                ],
                [
                    -4.062795823545417,
                    -8.339425871090643
                ]
            ]
        },
        "Friction" : 0.1,
        "Density" : 5.0,
        "Restitution" : 0.0,
        "MaskBits" : 1,
        "CategoryBits" : 32
    },
    "Body4Fixture" : {
        "DataType" : "Fixture",
        "FixtureShape" : {
            "Type" : "PolygonShape",
            "Vertices" : [
                [
                    -4.062795823545417,
                    8.0
                ],
                [
                    4.062795823545417,
                    7.0
                ],
                [
                    4.062795823545417,
                    -8.339425871090643
                ],
                [
                    -4.062795823545417,
                    -8.339425871090643
                ]
            ]
        },
        "Friction" : 0.1,
        "Density" : 5.0,
        "Restitution" : 0.0,
        "MaskBits" : 1,
        "CategoryBits" : 32
    },
    "Body5Fixture" : {
        "DataType" : "Fixture",
        "FixtureShape" : {
            "Type" : "PolygonShape",
            "Vertices" : [
                [
                    -4.062795823545417,
                    7.0
                ],
                [
                    4.062795823545417,
                    6.0
                ],
                [
                    4.062795823545417,
                    -8.339425871090643
                ],
                [
                    -4.062795823545417,
                    -8.339425871090643
                ]
            ]
        },
        "Friction" : 0.1,
        "Density" : 5.0,
        "Restitution" : 0.0,
        "MaskBits" : 1,
        "CategoryBits" : 32
    },
    "Body6Fixture" : {
        "DataType" : "Fixture",
        "FixtureShape" : {
            "Type" : "PolygonShape",
            "Vertices" : [
                [
                    -4.062795823545417,
                    6.0
                ],
                [
                    4.062795823545417,
                    5.0
                ],
                [
                    4.062795823545417,
                    -8.339425871090643
                ],
                [
                    -4.062795823545417,
                    -8.339425871090643
                ]
            ]
        },
        "Friction" : 0.1,
        "Density" : 5.0,
        "Restitution" : 0.0,
        "MaskBits" : 1,
        "CategoryBits" : 32
    },
    "Body7Fixture" : {
        "DataType" : "Fixture",
        "FixtureShape" : {
            "Type" : "PolygonShape",
            "Vertices" : [
                [
                    -4.062795823545417,
                    5.0
                ],
                [
                    4.062795823545417,
                    4.0
                ],
                [
                    4.062795823545417,
                    -8.339425871090643
                ],
                [
                    -4.062795823545417,
                    -8.339425871090643
                ]
            ]
        },
        "Friction" : 0.1,
        "Density" : 5.0,
        "Restitution" : 0.0,
        "MaskBits" : 1,
        "CategoryBits" : 32
    },
    "LegFixture" : {
        "DataType" : "Fixture",
        "FixtureShape" : {
            "Type" : "PolygonShape",
            "Vertices" : [
                [
                    -4.513842770358212,
                    -18.84036528831439
                ],
                [
                    4.513842770358212,
                    -18.84036528831439
                ],
                [
                    4.513842770358212,
                    18.84036528831439
                ],
                [
                    -4.513842770358212,
                    18.84036528831439
                ]
            ]
        },
        "Friction" : 0.2,
        "Density" : 1.0,
        "Restitution" : 0.0,
        "MaskBits" : 1,
        "CategoryBits" : 32
    },
    "LowerFixture" : {
        "DataType" : "Fixture",
        "FixtureShape" : {
            "Type" : "PolygonShape",
            "Vertices" : [
                [
                    -2.891332981052205,
                    -20.320028312408162
                ],
                [
                    2.891332981052205,
                    -20.320028312408162
                ],
                [
                    2.891332981052205,
                    20.320028312408162
                ],
                [
                    -2.891332981052205,
                    20.320028312408162
                ]
            ]
        },
        "Friction" : 0.2,
        "Density" : 1.0,
        "Restitution" : 0.0,
        "MaskBits" : 1,
        "CategoryBits" : 32
    },
    "Body0" : {
        "DataType" : "DynamicBody",
        "Position" : [
            54.06279582354542,
            178.3207872014451
        ],
        "Angle" : 0.0,
        "FixtureNames" : [
            "Body0Fixture"
        ],
        "Color1" : [
            0.5,
            0.4,
            0.9
        ],
        "Color2" : [
            0.3,
            0.3,
            0.5
        ],