{
    "Body0Fixture" : {
        "DataType" : "Fixture",
        "FixtureShape" : {
            "Type" : "PolygonShape",
            "Vertices" : [
                [
                    -7.616365846589245,
                    6.321862160723899
                ],
                [
                    7.616365846589245,
                    6.321862160723899
                ],
                [
                    7.616365846589245,
                    -6.321862160723899
                ],
                [
                    -7.616365846589245,
                    -6.321862160723899
                ]
            ]
        },
        "Friction" : 0.1,
        "Density" : 5.0,
        "Restitution" : 0.0,
        "MaskBits" : 1,
        "CategoryBits" : 32
    },
    "Body1Fixture" : {
        "DataType" : "Fixture",
        "FixtureShape" : {
            "Type" : "PolygonShape",
            "Vertices" : [
                [
                    -7.616365846589245,
                    6.321862160723899
                ],
                [
                    7.616365846589245,
                    6.321862160723899
                ],
                [
                    7.616365846589245,
                    -6.321862160723899
                ],
                [
                    -7.616365846589245,
                    -6.321862160723899
                ]
            ]
        },
        "Friction" : 0.1,
        "Density" : 5.0,
        "Restitution" : 0.0,
        "MaskBits" : 1,
        "CategoryBits" : 32
    },
    "HullFixture" : {
        "DataType" : "Fixture",
        "FixtureShape" : {
            "Type" : "PolygonShape",
            "Vertices" : [
                [
                    -7.616365846589245,
                    6.0
                ],
                [
                    7.616365846589245,
                    4.8
                ],
                [
                    7.616365846589245,
                    -6.321862160723899
                ],
                [
                    -7.616365846589245,
                    -6.321862160723899
                ]
            ]
        },
        "Friction" : 0.1,
        "Density" : 5.0,
        "Restitution" : 0.0,
        "MaskBits" : 1,
        "CategoryBits" : 32
    },
    "Body3Fixture" : {
        "DataType" : "Fixture",
        "FixtureShape" : {
            "Type" : "PolygonShape",
            "Vertices" : [
                [
                    -7.616365846589245,
                    4.8
                ],
                [
                    7.616365846589245,
                    3.6
                ],
                [
                    7.616365846589245,
                    -6.321862160723899
                ],
                [
                    -7.616365846589245,
                    -6.321862160723899
                ]
            ]
        },
        "Friction" : 0.1,
        "Density" : 5.0,
        "Restitution" : 0.0,
        "MaskBits" : 1,
        "CategoryBits" : 32
    },
    "Body4Fixture" : {
        "DataType" : "Fixture",
        "FixtureShape" : {
            "Type" : "PolygonShape",
            "Vertices" : [
                [
                    -7.616365846589245,
                    3.6
                ],
                [
                    7.616365846589245,
                    2.4000000000000004
                ],
                [
                    7.616365846589245,
                    -6.321862160723899
                ],
                [
                    -7.616365846589245,
                    -6.321862160723899
                ]
            ]
        },
        "Friction" : 0.1,
        "Density" : 5.0,
        "Restitution" : 0.0,
        "MaskBits" : 1,
        "CategoryBits" : 32
    },
    "LegFixture" : {
        "DataType" : "Fixture",
        "FixtureShape" : {
            "Type" : "PolygonShape",
            "Vertices" : [
                [
                    -3.5047387528758973,
                    -20.26582509950866
                ],
                [
                    3.5047387528758973,
                    -20.26582509950866
                ],
                [
                    3.5047387528758973,
                    20.26582509950866
                ],
                [
                    -3.5047387528758973,
                    20.26582509950866
                ]
            ]
        },
        "Friction" : 0.2,
        "Density" : 1.0,
        "Restitution" : 0.0,
        "MaskBits" : 1,
        "CategoryBits" : 32
    },
    "LowerFixture" : {
        "DataType" : "Fixture",
        "FixtureShape" : {
            "Type" : "PolygonShape",
            "Vertices" : [
                [
                    -3.7851670458794224,
                    -13.023743747001392
                ],
                [
                    3.7851670458794224,
                    -13.023743747001392
                ],
                [
                    3.7851670458794224,
                    13.023743747001392
                ],
                [
                    -3.7851670458794224,
                    13.023743747001392
                ]
            ]
        },
        "Friction" : 0.2,
        "Density" : 1.0,
        "Restitution" : 0.0,
        "MaskBits" : 1,
        "CategoryBits" : 32
    },
    "Body0" : {
        "DataType" : "DynamicBody",
        "Position" : [
            57.616365846589254,
            166.5791376930201
        ],
        "Angle" : 0.0,
        "FixtureNames" : [
            "Body0Fixture"
        ],
        "Color1" : [
            0.5,
            0.4,
            0.9
        ],
        "Color2" : [
            0.3,
            0.3,
            0.5
        ],
        "CanTouchGround" : false,
        "InitialForceScale" : 5,
        "ReportState" : false,
        "Depth" : 0
    },
    "Body1" : {
        "DataType" : "DynamicBody",
        "Position" : [
            72.84909753976774,
            166.5791376930201
        ],
        "Angle" : 0.0,
        "FixtureNames" : [
            "Body1Fixture"
        ],
        "Color1" : [
            0.5,
            0.4,
            0.9
        ],
        "Color2" : [
            0.3,
            0.3,
            0.5
        ],
        "CanTouchGround" : false,
        "InitialForceScale" : 5,
        "ReportState" : false,
        "Depth" : 0
    },
    "Hull" : {
        "DataType" : "DynamicBody",
        "Position" : [
            88.08182923294623,
            166.5791376930201
        ],
        "Angle" : 0.0,
        "FixtureNames" : [
            "HullFixture"
        ],
        "Color1" : [
            0.5,
            0.4,
            0.9
        ],
        "Color2" : [
            0.3,
            0.3,
            0.5
        ],
        "CanTouchGround" : false,
        "InitialForceScale" : 5,
        "ReportState" : true,
        "Depth" : 0
    },
    "Body3" : {
        "DataType" : "DynamicBody",
        "Position" : [
            103.31456092612473,
            166.5791376930201
        ],
        "Angle" : 0.0,
        "FixtureNames" : [
            "Body3Fixture"
        ],
        "Color1" : [
            0.5,
            0.4,
            0.9
        ],
        "Color2" : [
            0.3,
            0.3,
            0.5
        ],
        "CanTouchGround" : false,
        "InitialForceScale" : 5,
        "ReportState" : false,
        "Depth" : 0
    },
    "Body4" : {
        "DataType" : "DynamicBody",
        "Position" : [
            118.54729261930322,
            166.5791376930201
        ],
        "Angle" : 0.0,
        "FixtureNames" : [
            "Body4Fixture"
        ],
        "Color1" : [
            0.5,
            0.4,
            0.9
        ],
        "Color2" : [
            0.3,
            0.3,
            0.5
        ],
        "CanTouchGround" : false,
        "InitialForceScale" : 5,
        "ReportState" : false,
        "Depth" : 0
    },
    "Leg-1" : {
        "DataType" : "DynamicBody",