{
    "Body0Fixture" : {
        "DataType" : "Fixture",
        "FixtureShape" : {
            "Type" : "PolygonShape",
            "Vertices" : [
                [
                    -6.07921375102965,
                    6.48808444155143
                ],
                [
                    6.07921375102965,
                    6.48808444155143
                ],
                [
                    6.07921375102965,
                    -6.48808444155143
                ],
                [
                    -6.07921375102965,
                    -6.48808444155143
                ]
            ]
        },
        "Friction" : 0.1,
        "Density" : 5.0,
        "Restitution" : 0.0,
        "MaskBits" : 1,
        "CategoryBits" : 32
    },
    "Body1Fixture" : {
        "DataType" : "Fixture",
        "FixtureShape" : {
            "Type" : "PolygonShape",
            "Vertices" : [
                [
                    -6.07921375102965,
                    6.48808444155143
                ],
                [
                    6.07921375102965,
                    6.48808444155143
                ],
                [
                    6.07921375102965,
                    -6.48808444155143
                ],
                [
                    -6.07921375102965,
                    -6.48808444155143
                ]
            ]
        },
        "Friction" : 0.1,
        "Density" : 5.0,
        "Restitution" : 0.0,
        "MaskBits" : 1,
        "CategoryBits" : 32
    },
    "HullFixture" : {
        "DataType" : "Fixture",
        "FixtureShape" : {
            "Type" : "PolygonShape",
            "Vertices" : [
                [
                    -6.07921375102965,
                    6.0
                ],
                [
                    6.07921375102965,
                    4.8
                ],
                [
                    6.07921375102965,
                    -6.48808444155143
                ],
                [
                    -6.07921375102965,
                    -6.48808444155143
                ]
            ]
        },
        "Friction" : 0.1,
        "Density" : 5.0,
        "Restitution" : 0.0,
        "MaskBits" : 1,
        "CategoryBits" : 32
    },
    "Body3Fixture" : {
        "DataType" : "Fixture",
        "FixtureShape" : {
            "Type" : "PolygonShape",
            "Vertices" : [
                [
                    -6.07921375102965,
                    4.8
                ],
                [
                    6.07921375102965,
                    3.6
                ],
                [
                    6.07921375102965,
                    -6.48808444155143
                ],
                [
                    -6.07921375102965,
                    -6.48808444155143
                ]
            ]
        },
        "Friction" : 0.1,
        "Density" : 5.0,
        "Restitution" : 0.0,
        "MaskBits" : 1,
        "CategoryBits" : 32
    },
    "Body4Fixture" : {
        "DataType" : "Fixture",
        "FixtureShape" : {
            "Type" : "PolygonShape",
            "Vertices" : [
                [
                    -6.07921375102965,
                    3.6
                ],
                [
                    6.07921375102965,
                    2.4000000000000004
                ],
                [
                    6.07921375102965,
                    -6.48808444155143
                ],
                [
                    -6.07921375102965,
                    -6.48808444155143
                ]
            ]
        },
        "Friction" : 0.1,
        "Density" : 5.0,
        "Restitution" : 0.0,
        "MaskBits" : 1,
        "CategoryBits" : 32
    },
    "LegFixture" : {
        "DataType" : "Fixture",
        "FixtureShape" : {
            "Type" : "PolygonShape",
            "Vertices" : [
                [
                    -4.5827189630919545,
                    -18.392633934061305
                ],
                [
                    4.5827189630919545,
                    -18.392633934061305
                ],
                [
                    4.5827189630919545,
                    18.392633934061305
                ],
                [
                    -4.5827189630919545,
                    18.392633934061305
                ]
            ]
        },
        "Friction" : 0.2,
        "Density" : 1.0,
        "Restitution" : 0.0,
        "MaskBits" : 1,
        "CategoryBits" : 32
    },
    "LowerFixture" : {
        "DataType" : "Fixture",
        "FixtureShape" : {
            "Type" : "PolygonShape",
            "Vertices" : [
                [
                    -3.798137777443444,
                    -16.847157370651413
                ],
                [
                    3.798137777443444,
                    -16.847157370651413
                ],
                [
                    3.798137777443444,
                    16.847157370651413
                ],
                [
                    -3.798137777443444,
                    16.847157370651413
                ]
            ]
        },
        "Friction" : 0.2,
        "Density" : 1.0,
        "Restitution" : 0.0,
        "MaskBits" : 1,
        "CategoryBits" : 32
    },
    "Body0" : {
        "DataType" : "DynamicBody",
        "Position" : [
            56.07921375102965,
            170.47958260942545
        ],
        "Angle" : 0.0,
        "FixtureNames" : [
            "Body0Fixture"
        ],
        "Color1" : [
            0.5,
            0.4,
            0.9
        ],
        "Color2" : [
            0.3,
            0.3,
            0.5
        ],
        "CanTouchGround" : false,
        "InitialForceScale" : 5,
        "ReportState" : false,
        "Depth" : 0
    },
    "Body1" : {
        "DataType" : "DynamicBody",
        "Position" : [
            68.23764125308895,
            170.47958260942545
        ],
        "Angle" : 0.0,
        "FixtureNames" : [
            "Body1Fixture"
        ],
        "Color1" : [
            0.5,
            0.4,
            0.9
        ],
        "Color2" : [
            0.3,
            0.3,
            0.5
        ],
        "CanTouchGround" : false,
        "InitialForceScale" : 5,
        "ReportState" : false,
        "Depth" : 0
    },
    "Hull" : {
        "DataType" : "DynamicBody",
        "Position" : [
            80.39606875514825,
            170.47958260942545
        ],
        "Angle" : 0.0,
        "FixtureNames" : [
            "HullFixture"
        ],
        "Color1" : [
            0.5,
            0.4,
            0.9
        ],
        "Color2" : [
            0.3,
            0.3,
            0.5
        ],
        "CanTouchGround" : false,
        "InitialForceScale" : 5,
        "ReportState" : true,
        "Depth" : 0
    },
    "Body3" : {
        "DataType" : "DynamicBody",
        "Position" : [
            92.55449625720755,
            170.47958260942545
        ],
        "Angle" : 0.0,
        "FixtureNames" : [
            "Body3Fixture"
        ],
        "Color1" : [
            0.5,
            0.4,
            0.9
        ],
        "Color2" : [
            0.3,
            0.3,
            0.5
        ],
        "CanTouchGround" : false,
        "InitialForceScale" : 5,
        "ReportState" : false,
        "Depth" : 0
    },
    "Body4" : {
        "DataType" : "DynamicBody",
        "Position" : [
            104.71292375926684,
            170.47958260942545
        ],
        "Angle" : 0.0,
        "FixtureNames" : [
            "Body4Fixture"
        ],
        "Color1" : [
            0.5,
            0.4,
            0.9
        ],
        "Color2" : [
            0.3,
            0.3,
            0.5
        ],
        "CanTouchGround" : false,
        "InitialForceScale" : 5,
        "ReportState" : false,
        "Depth" : 0
    },
    "Leg-1" : {
        "DataType" : "DynamicBody",