{
    "Body0Fixture" : {
        "DataType" : "Fixture",
        "FixtureShape" : {
            "Type" : "PolygonShape",
            "Vertices" : [
                [
                    -4.285687318955351,
                    8.879241853003009
                ],
                [
                    4.285687318955351,
                    8.879241853003009
                ],
                [
                    4.285687318955351,
                    -8.879241853003009
                ],
                [
                    -4.285687318955351,
                    -8.879241853003009
                ]
            ]
        },
        "Friction" : 0.1,
        "Density" : 5.0,
        "Restitution" : 0.0,
        "MaskBits" : 1,
        "CategoryBits" : 32
    },
    "Body1Fixture" : {
        "DataType" : "Fixture",
        "FixtureShape" : {
            "Type" : "PolygonShape",
            "Vertices" : [
                [
                    -4.285687318955351,
                    8.879241853003009
                ],
                [
                    4.285687318955351,
                    8.879241853003009
                ],
                [
                    4.285687318955351,
                    -8.879241853003009
                ],
                [
                    -4.285687318955351,
                    -8.879241853003009
                ]
            ]
        },
        "Friction" : 0.1,
        "Density" : 5.0,
        "Restitution" : 0.0,
        "MaskBits" : 1,
        "CategoryBits" : 32
    },
    "Body2Fixture" : {
        "DataType" : "Fixture",
        "FixtureShape" : {
            "Type" : "PolygonShape",
            "Vertices" : [
                [
                    -4.285687318955351,
                    8.879241853003009
                ],
                [
                    4.285687318955351,
                    8.879241853003009
                ],
                [
                    4.285687318955351,
                    -8.879241853003009
                ],
                [
                    -4.285687318955351,
                    -8.879241853003009
                ]
            ]
        },
        "Friction" : 0.1,
        "Density" : 5.0,
        "Restitution" : 0.0,
        "MaskBits" : 1,
        "CategoryBits" : 32
    },
    "HullFixture" : {
        "DataType" : "Fixture",
        "FixtureShape" : {
            "Type" : "PolygonShape",
            "Vertices" : [
                [
                    -4.285687318955351,
                    8.879241853003009
                ],
                [
                    4.285687318955351,
                    8.879241853003009
                ],
                [
                    4.285687318955351,
                    -8.879241853003009
                ],
                [
                    -4.285687318955351,
                    -8.879241853003009
                ]
            ]
        },
        "Friction" : 0.1,
        "Density" : 5.0,
        "Restitution" : 0.0,
        "MaskBits" : 1,
        "CategoryBits" : 32
    },
    "Body4Fixture" : {
        "DataType" : "Fixture",
        "FixtureShape" : {
            "Type" : "PolygonShape",
            "Vertices" : [
                [
                    -4.285687318955351,
                    8.0
                ],
                [
                    4.285687318955351,
                    7.0
                ],
                [
                    4.285687318955351,
                    -8.879241853003009
                ],
                [
                    -4.285687318955351,
                    -8.879241853003009
                ]
            ]
        },
        "Friction" : 0.1,
        "Density" : 5.0,
        "Restitution" : 0.0,
        "MaskBits" : 1,
        "CategoryBits" : 32
    },
    "Body5Fixture" : {
        "DataType" : "Fixture",
        "FixtureShape" : {
            "Type" : "PolygonShape",
            "Vertices" : [
                [
                    -4.285687318955351,
                    7.0
                ],
                [
                    4.285687318955351,
                    6.0
                ],
                [
                    4.285687318955351,
                    -8.879241853003009
                ],
                [
                    -4.285687318955351,
                    -8.879241853003009
                ]
            ]
        },
        "Friction" : 0.1,
        "Density" : 5.0,
        "Restitution" : 0.0,
        "MaskBits" : 1,
        "CategoryBits" : 32
    },
    "Body6Fixture" : {
        "DataType" : "Fixture",
        "FixtureShape" : {
            "Type" : "PolygonShape",
            "Vertices" : [
                [
                    -4.285687318955351,
                    6.0
                ],
                [
                    4.285687318955351,
                    5.0
                ],
                [
                    4.285687318955351,
                    -8.879241853003009
                ],
                [
                    -4.285687318955351,
                    -8.879241853003009
                ]
            ]
        },
        "Friction" : 0.1,
        "Density" : 5.0,
        "Restitution" : 0.0,
        "MaskBits" : 1,
        "CategoryBits" : 32
    },
    "Body7Fixture" : {
        "DataType" : "Fixture",
        "FixtureShape" : {
            "Type" : "PolygonShape",
            "Vertices" : [
                [
                    -4.285687318955351,
                    5.0
                ],
                [
                    4.285687318955351,
                    4.0
                ],
                [
                    4.285687318955351,
                    -8.879241853003009
                ],
                [
                    -4.285687318955351,
                    -8.879241853003009
                ]
            ]
        },
        "Friction" : 0.1,
        "Density" : 5.0,
        "Restitution" : 0.0,
        "MaskBits" : 1,
        "CategoryBits" : 32
    },
    "LegFixture" : {
        "DataType" : "Fixture",
        "FixtureShape" : {
            "Type" : "PolygonShape",
            "Vertices" : [
                [
                    -3.491770024527323,
                    -21.05181663121357
                ],
                [
                    3.491770024527323,
                    -21.05181663121357
                ],
                [
                    3.491770024527323,
                    21.05181663121357
                ],
                [
                    -3.491770024527323,
                    21.05181663121357
                ]
            ]
        },
        "Friction" : 0.2,
        "Density" : 1.0,
        "Restitution" : 0.0,
        "MaskBits" : 1,
        "CategoryBits" : 32
    },
    "LowerFixture" : {
        "DataType" : "Fixture",
        "FixtureShape" : {
            "Type" : "PolygonShape",
            "Vertices" : [
                [
                    -2.872512454233086,
                    -17.971042619446777
                ],
                [
                    2.872512454233086,
                    -17.971042619446777
                ],
                [
                    2.872512454233086,
                    17.971042619446777
                ],
                [
                    -2.872512454233086,
                    17.971042619446777
                ]
            ]
        },
        "Friction" : 0.2,
        "Density" : 1.0,
        "Restitution" : 0.0,
        "MaskBits" : 1,
        "CategoryBits" : 32
    },
    "Body0" : {
        "DataType" : "DynamicBody",
        "Position" : [
            54.28568731895535,
            178.0457185013207
        ],
        "Angle" : 0.0,
        "FixtureNames" : [
            "Body0Fixture"
        ],
        "Color1" : [
            0.5,
            0.4,
            0.9
        ],
        "Color2" : [
            0.3,
            0.3,
            0.5
        ],