{
    "Body0Fixture" : {
        "DataType" : "Fixture",
        "FixtureShape" : {
            "Type" : "PolygonShape",
            "Vertices" : [
                [
                    -3.9127153490132125,
                    6.502502762427886
                ],
                [
                    3.9127153490132125,
                    6.502502762427886
                ],
                [
                    3.9127153490132125,
                    -6.502502762427886
                ],
                [
                    -3.9127153490132125,
                    -6.502502762427886
                ]
            ]
        },
        "Friction" : 0.1,
        "Density" : 5.0,
        "Restitution" : 0.0,
        "MaskBits" : 1,
        "CategoryBits" : 32
    },
    "Body1Fixture" : {
        "DataType" : "Fixture",
        "FixtureShape" : {
            "Type" : "PolygonShape",
            "Vertices" : [
                [
                    -3.9127153490132125,
                    6.502502762427886
                ],
                [
                    3.9127153490132125,
                    6.502502762427886
                ],
                [
                    3.9127153490132125,
                    -6.502502762427886
                ],
                [
                    -3.9127153490132125,
                    -6.502502762427886
                ]
            ]
        },
        "Friction" : 0.1,
        "Density" : 5.0,
        "Restitution" : 0.0,
        "MaskBits" : 1,
        "CategoryBits" : 32
    },
    "Body2Fixture" : {
        "DataType" : "Fixture",
        "FixtureShape" : {
            "Type" : "PolygonShape",
            "Vertices" : [
                [
                    -3.9127153490132125,
                    6.502502762427886
                ],
                [
                    3.9127153490132125,
                    6.502502762427886
                ],
                [
                    3.9127153490132125,
                    -6.502502762427886
                ],
                [
                    -3.9127153490132125,
                    -6.502502762427886
                ]
            ]
        },
        "Friction" : 0.1,
        "Density" : 5.0,
        "Restitution" : 0.0,
        "MaskBits" : 1,
        "CategoryBits" : 32
    },
    "HullFixture" : {
        "DataType" : "Fixture",
        "FixtureShape" : {
            "Type" : "PolygonShape",
            "Vertices" : [
                [
                    -3.9127153490132125,
                    6.0
                ],
                [
                    3.9127153490132125,
                    5.142857142857143
                ],
                [
                    3.9127153490132125,
                    -6.502502762427886
                ],
                [
                    -3.9127153490132125,
                    -6.502502762427886
                ]
            ]
        },
        "Friction" : 0.1,
        "Density" : 5.0,
        "Restitution" : 0.0,
        "MaskBits" : 1,
        "CategoryBits" : 32
    },
    "Body4Fixture" : {
        "DataType" : "Fixture",
        "FixtureShape" : {
            "Type" : "PolygonShape",
            "Vertices" : [
                [
                    -3.9127153490132125,
                    5.142857142857143
                ],
                [
                    3.9127153490132125,
                    4.285714285714286
                ],
                [
                    3.9127153490132125,
                    -6.502502762427886
                ],
                [
                    -3.9127153490132125,
                    -6.502502762427886
                ]
            ]
        },
        "Friction" : 0.1,
        "Density" : 5.0,
        "Restitution" : 0.0,
        "MaskBits" : 1,
        "CategoryBits" : 32
    },
    "Body5Fixture" : {
        "DataType" : "Fixture",
        "FixtureShape" : {
            "Type" : "PolygonShape",
            "Vertices" : [
                [
                    -3.9127153490132125,
                    4.285714285714286
                ],
                [
                    3.9127153490132125,
                    3.428571428571429
                ],
                [
                    3.9127153490132125,
                    -6.502502762427886
                ],
                [
                    -3.9127153490132125,
                    -6.502502762427886
                ]
            ]
        },
        "Friction" : 0.1,
        "Density" : 5.0,
        "Restitution" : 0.0,
        "MaskBits" : 1,
        "CategoryBits" : 32
    },
    "Body6Fixture" : {
        "DataType" : "Fixture",
        "FixtureShape" : {
            "Type" : "PolygonShape",
            "Vertices" : [
                [
                    -3.9127153490132125,
                    3.428571428571429
                ],
                [
                    3.9127153490132125,
                    2.5714285714285716
                ],
                [
                    3.9127153490132125,
                    -6.502502762427886
                ],
                [
                    -3.9127153490132125,
                    -6.502502762427886
                ]
            ]
        },
        "Friction" : 0.1,
        "Density" : 5.0,
        "Restitution" : 0.0,
        "MaskBits" : 1,
        "CategoryBits" : 32
    },
    "LegFixture" : {
        "DataType" : "Fixture",
        "FixtureShape" : {
            "Type" : "PolygonShape",
            "Vertices" : [
                [
                    -4.309225203275835,
                    -18.027064268132552
                ],
                [
                    4.309225203275835,
                    -18.027064268132552
                ],
                [
                    4.309225203275835,
                    18.027064268132552
                ],
                [
                    -4.309225203275835,
                    18.027064268132552
                ]
            ]
        },
        "Friction" : 0.2,
        "Density" : 1.0,
        "Restitution" : 0.0,
        "MaskBits" : 1,
        "CategoryBits" : 32
    },
    "LowerFixture" : {
        "DataType" : "Fixture",
        "FixtureShape" : {
            "Type" : "PolygonShape",
            "Vertices" : [
                [
                    -3.4124318586687865,
                    -20.640835459430722
                ],
                [
                    3.4124318586687865,
                    -20.640835459430722
                ],
                [
                    3.4124318586687865,
                    20.640835459430722
                ],
                [
                    -3.4124318586687865,
                    20.640835459430722
                ]
            ]
        },
        "Friction" : 0.2,
        "Density" : 1.0,
        "Restitution" : 0.0,
        "MaskBits" : 1,
        "CategoryBits" : 32
    },
    "Body0" : {
        "DataType" : "DynamicBody",
        "Position" : [
            53.912715349013205,
            177.33579945512653
        ],
        "Angle" : 0.0,
        "FixtureNames" : [
            "Body0Fixture"
        ],
        "Color1" : [
            0.5,
            0.4,
            0.9
        ],
        "Color2" : [
            0.3,
            0.3,
            0.5
        ],
        "CanTouchGround" : false,
        "InitialForceScale" : 5,
        "ReportState" : false,
        "Depth" : 0
    },
    "Body1" : {
        "DataType" : "DynamicBody",
        "Position" : [
            61.73814604703963,
            177.33579945512653
        ],
        "Angle" : 0.0,
        "FixtureNames" : [
            "Body1Fixture"
        ],
        "Color1" : [
            0.5,
            0.4,
            0.9
        ],
        "Color2" : [
            0.3,
            0.3,
            0.5
        ],
        "CanTouchGround" : false,
        "InitialForceScale" : 5,
        "ReportState" : false,
        "Depth" : 0
    },