{
    "Body0Fixture" : {
        "DataType" : "Fixture",
        "FixtureShape" : {
            "Type" : "PolygonShape",
            "Vertices" : [
                [
                    -6.1384298675295685,
                    8.3098820143049
                ],
                [
                    6.1384298675295685,
                    8.3098820143049
                ],
                [
                    6.1384298675295685,
                    -8.3098820143049
                ],
                [
                    -6.1384298675295685,
                    -8.3098820143049
                ]
            ]
        },
        "Friction" : 0.1,
        "Density" : 5.0,
        "Restitution" : 0.0,
        "MaskBits" : 1,
        "CategoryBits" : 32
    },
    "Body1Fixture" : {
        "DataType" : "Fixture",
        "FixtureShape" : {
            "Type" : "PolygonShape",
            "Vertices" : [
                [
                    -6.1384298675295685,
                    8.3098820143049
                ],
                [
                    6.1384298675295685,
                    8.3098820143049
                ],
                [
                    6.1384298675295685,
                    -8.3098820143049
                ],
                [
                    -6.1384298675295685,
                    -8.3098820143049
                ]
            ]
        },
        "Friction" : 0.1,
        "Density" : 5.0,
        "Restitution" : 0.0,
        "MaskBits" : 1,
        "CategoryBits" : 32
    },
    "HullFixture" : {
        "DataType" : "Fixture",
        "FixtureShape" : {
            "Type" : "PolygonShape",
            "Vertices" : [
                [
                    -6.1384298675295685,
                    8.0
                ],
                [
                    6.1384298675295685,
                    6.4
                ],
                [
                    6.1384298675295685,
                    -8.3098820143049
                ],
                [
                    -6.1384298675295685,
                    -8.3098820143049
                ]
            ]
        },
        "Friction" : 0.1,
        "Density" : 5.0,
        "Restitution" : 0.0,
        "MaskBits" : 1,
        "CategoryBits" : 32
    },
    "Body3Fixture" : {
        "DataType" : "Fixture",
        "FixtureShape" : {
            "Type" : "PolygonShape",
            "Vertices" : [
                [
                    -6.1384298675295685,
                    6.4
                ],
                [
                    6.1384298675295685,
                    4.8
                ],
                [
                    6.1384298675295685,
                    -8.3098820143049
                ],
                [
                    -6.1384298675295685,
                    -8.3098820143049
                ]
            ]
        },
        "Friction" : 0.1,
        "Density" : 5.0,
        "Restitution" : 0.0,
        "MaskBits" : 1,
        "CategoryBits" : 32
    },
    "Body4Fixture" : {
        "DataType" : "Fixture",
        "FixtureShape" : {
            "Type" : "PolygonShape",
            "Vertices" : [
                [
                    -6.1384298675295685,
                    4.8
                ],
                [
                    6.1384298675295685,
                    3.1999999999999993
                ],
                [
                    6.1384298675295685,
                    -8.3098820143049
                ],
                [
                    -6.1384298675295685,
                    -8.3098820143049
                ]
            ]
        },
        "Friction" : 0.1,
        "Density" : 5.0,
        "Restitution" : 0.0,
        "MaskBits" : 1,
        "CategoryBits" : 32
    },
    "LegFixture" : {
        "DataType" : "Fixture",
        "FixtureShape" : {
            "Type" : "PolygonShape",
            "Vertices" : [
                [
                    -3.7957014295964777,
                    -15.92520425775339
                ],
                [
                    3.7957014295964777,
                    -15.92520425775339
                ],
                [
                    3.7957014295964777,
                    15.92520425775339
                ],
                [
                    -3.7957014295964777,
                    15.92520425775339
                ]
            ]
        },
        "Friction" : 0.2,
        "Density" : 1.0,
        "Restitution" : 0.0,
        "MaskBits" : 1,
        "CategoryBits" : 32
    },
    "LowerFixture" : {
        "DataType" : "Fixture",
        "FixtureShape" : {
            "Type" : "PolygonShape",
            "Vertices" : [
                [
                    -3.555001202119322,
                    -13.173959399053063
                ],
                [
                    3.555001202119322,
                    -13.173959399053063
                ],
                [
                    3.555001202119322,
                    13.173959399053063
                ],
                [
                    -3.555001202119322,
                    13.173959399053063
                ]
            ]
        },
        "Friction" : 0.2,
        "Density" : 1.0,
        "Restitution" : 0.0,
        "MaskBits" : 1,
        "CategoryBits" : 32
    },
    "Body0" : {
        "DataType" : "DynamicBody",
        "Position" : [
            56.13842986752956,
            158.1983273136129
        ],
        "Angle" : 0.0,
        "FixtureNames" : [
            "Body0Fixture"
        ],
        "Color1" : [
            0.5,
            0.4,
            0.9
        ],
        "Color2" : [
            0.3,
            0.3,
            0.5
        ],
        "CanTouchGround" : false,
        "InitialForceScale" : 5,
        "ReportState" : false,
        "Depth" : 0
    },
    "Body1" : {
        "DataType" : "DynamicBody",
        "Position" : [
            68.4152896025887,
            158.1983273136129
        ],
        "Angle" : 0.0,
        "FixtureNames" : [
            "Body1Fixture"
        ],
        "Color1" : [
            0.5,
            0.4,
            0.9
        ],
        "Color2" : [
            0.3,
            0.3,
            0.5
        ],
        "CanTouchGround" : false,
        "InitialForceScale" : 5,
        "ReportState" : false,
        "Depth" : 0
    },
    "Hull" : {
        "DataType" : "DynamicBody",
        "Position" : [
            80.69214933764783,
            158.1983273136129
        ],
        "Angle" : 0.0,
        "FixtureNames" : [
            "HullFixture"
        ],
        "Color1" : [
            0.5,
            0.4,
            0.9
        ],
        "Color2" : [
            0.3,
            0.3,
            0.5
        ],
        "CanTouchGround" : false,
        "InitialForceScale" : 5,
        "ReportState" : true,
        "Depth" : 0
    },
    "Body3" : {
        "DataType" : "DynamicBody",
        "Position" : [
            92.96900907270697,
            158.1983273136129
        ],
        "Angle" : 0.0,
        "FixtureNames" : [
            "Body3Fixture"
        ],
        "Color1" : [
            0.5,
            0.4,
            0.9
        ],
        "Color2" : [
            0.3,
            0.3,
            0.5
        ],
        "CanTouchGround" : false,
        "InitialForceScale" : 5,
        "ReportState" : false,
        "Depth" : 0
    },
    "Body4" : {
        "DataType" : "DynamicBody",
        "Position" : [
            105.2458688077661,
            158.1983273136129
        ],
        "Angle" : 0.0,
        "FixtureNames" : [
            "Body4Fixture"
        ],
        "Color1" : [
            0.5,
            0.4,
            0.9
        ],
        "Color2" : [
            0.3,
            0.3,
            0.5
        ],
        "CanTouchGround" : false,
        "InitialForceScale" : 5,
        "ReportState" : false,
        "Depth" : 0
    },
    "Leg-1" : {
        "DataType" : "DynamicBody",