{
    "HullFixture" : {
        "DataType" : "Fixture",
        "FixtureShape" : {
            "Type" : "PolygonShape",
            "Vertices" : [
                [
                    -46.56815904013567,
                    11.462426084674789
                ],
                [
                    0,
                    11.462426084674789
                ],
                [
                    46.56815904013567,
                    0
                ],
                [
                    46.56815904013567,
                    -11.462426084674789
                ],
                [
                    -46.56815904013567,
                    -11.462426084674789
                ]
            ]
        },
        "Friction" : 0.1,
        "Density" : 5.0,
        "Restitution" : 0.0,
        "MaskBits" : 1,
        "CategoryBits" : 32
    },
    "Leg0Fixture" : {
        "DataType" : "Fixture",
        "FixtureShape" : {
            "Type" : "PolygonShape",
            "Vertices" : [
                [
                    -5.021202983654662,
                    -13.056356918097402
                ],
                [
                    5.021202983654662,
                    -13.056356918097402
                ],
                [
                    5.021202983654662,
                    13.056356918097402
                ],
                [
                    -5.021202983654662,
                    13.056356918097402
                ]
            ]
        },
        "Friction" : 0.2,
        "Density" : 1.0,
        "Restitution" : 0.0,
        "MaskBits" : 1,
        "CategoryBits" : 32
    },
    "Leg1Fixture" : {
        "DataType" : "Fixture",
        "FixtureShape" : {
            "Type" : "PolygonShape",
            "Vertices" : [
                [
                    -2.2611099435214426,
                    -22.54326559022272
                ],
                [
                    2.2611099435214426,
                    -22.54326559022272
                ],
                [
                    2.2611099435214426,
                    22.54326559022272
                ],
                [
                    -2.2611099435214426,
                    22.54326559022272
                ]
            ]
        },
        "Friction" : 0.2,
        "Density" : 1.0,
        "Restitution" : 0.0,
        "MaskBits" : 1,
        "CategoryBits" : 32
    },
    "Lower0Fixture" : {
        "DataType" : "Fixture",
        "FixtureShape" : {
            "Type" : "PolygonShape",
            "Vertices" : [
                [
                    -4.758110823556105,
                    -23.2439565442709
                ],
                [
                    4.758110823556105,
                    -23.2439565442709
                ],
                [
                    4.758110823556105,
                    23.2439565442709
                ],
                [
                    -4.758110823556105,
                    23.2439565442709
                ]
            ]
        },
        "Friction" : 0.2,
        "Density" : 1.0,
        "Restitution" : 0.0,
        "MaskBits" : 1,
        "CategoryBits" : 32
    },
    "Lower1Fixture" : {
        "DataType" : "Fixture",
        "FixtureShape" : {
            "Type" : "PolygonShape",
            "Vertices" : [
                [
                    -2.7984704580263844,
                    -20.163157822554446
                ],
                [
                    2.7984704580263844,
                    -20.163157822554446
                ],
                [
                    2.7984704580263844,
                    20.163157822554446
                ],
                [
                    -2.7984704580263844,
                    20.163157822554446
                ]
            ]
        },
        "Friction" : 0.2,
        "Density" : 1.0,
        "Restitution" : 0.0,
        "MaskBits" : 1,
        "CategoryBits" : 32
    },
    "Hull" : {
        "DataType" : "DynamicBody",
        "Position" : [
            96.56815904013567,
            196.8752729102291
        ],
        "Angle" : 0.0,
        "FixtureNames" : [
            "HullFixture"
        ],
        "Color1" : [
            0.5,
            0.4,
            0.9
        ],
        "Color2" : [
            0.3,
            0.3,
            0.5
        ],
        "CanTouchGround" : false,
        "InitialForceScale" : 5,
        "Depth" : 0,
        "ReportState" : true
    },
    "Leg0" : {
        "DataType" : "DynamicBody",
        "Position" : [
            96.56815904013567,
            183.8189159921317
        ],
        "Angle" : 0.0,
        "FixtureNames" : [
            "Leg0Fixture"
        ],
        "Color1" : [
            0.7,
            0.4,
            0.6
        ],
        "Color2" : [
            0.3,
            0.3,
            0.5
        ],
        "CanTouchGround" : true,
        "ReportState" : true,
        "Depth" : 0
    },
    "Lower0" : {
        "DataType" : "DynamicBody",
        "Position" : [
            96.56815904013567,
            160.5749594478608
        ],
        "Angle" : 0.0,
        "FixtureNames" : [
            "Lower0Fixture"
        ],
        "Color1" : [
            0.7,
            0.4,
            0.6
        ],
        "Color2" : [
            0.3,
            0.3,
            0.5
        ],
        "CanTouchGround" : true,
        "ReportState" : true,
        "Depth" : 0
    },
    "Leg1" : {
        "DataType" : "DynamicBody",
        "Position" : [
            96.56815904013567,
            174.3320073200064
        ],
        "Angle" : 0.05,
        "FixtureNames" : [
            "Leg1Fixture"
        ],
        "Color1" : [
            0.4,
            0.2,
            0.4
        ],
        "Color2" : [
            0.3,
            0.3,
            0.5
        ],
        "CanTouchGround" : true,
        "ReportState" : true,
        "Depth" : 1
    },
    "Lower1" : {
        "DataType" : "DynamicBody",
        "Position" : [
            96.56815904013567,
            154.16884949745196
        ],
        "Angle" : 0.05,
        "FixtureNames" : [
            "Lower1Fixture"
        ],
        "Color1" : [
            0.4,
            0.2,
            0.4
        ],
        "Color2" : [
            0.3,
            0.3,
            0.5
        ],
        "CanTouchGround" : true,
        "ReportState" : true,
        "Depth" : 1
    },
    "HullLeg0Joint" : {
        "DataType" : "JointMotor",
        "BodyA" : "Hull",
        "BodyB" : "Leg0",
        "LocalAnchorA" : [
            0.0,
            -11.462426084674789
        ],
        "LocalAnchorB" : [
            0,
            13.056356918097402
        ],
        "EnableMotor" : true,
        "EnableLimit" : true,
        "MaxMotorTorque" : 80,
        "MotorSpeed" : 1,
        "LowerAngle" : -0.8,
        "UpperAngle" : 1.1,
        "Speed" : 4,
        "ReportState" : true,
        "Depth" : 0
    },
    "Leg0Lower0Joint" : {
        "DataType" : "JointMotor",
        "BodyA" : "Leg0",
        "BodyB" : "Lower0",
        "LocalAnchorA" : [
            0,
            -13.056356918097402
        ],
        "LocalAnchorB" : [
            0,
            23.2439565442709
        ],
        "EnableMotor" : true,
        "EnableLimit" : true,
        "MaxMotorTorque" : 80,
        "MotorSpeed" : 1,
        "LowerAngle" : -1.6,
        "UpperAngle" : -0.1,
        "Speed" : 6,
        "ReportState" : true,
        "Depth" : 0
    },
    "HullLeg1Joint" : {
        "DataType" : "JointMotor",
        "BodyA" : "Hull",
        "BodyB" : "Leg1",
        "LocalAnchorA" : [
            0.0,
            -11.462426084674789
        ],
        "LocalAnchorB" : [
            0,
            22.54326559022272
        ],
        "EnableMotor" : true,
        "EnableLimit" : true,
        "MaxMotorTorque" : 80,
        "MotorSpeed" : 1,
        "LowerAngle" : -0.8,
        "UpperAngle" : 1.1,
        "Speed" : 4,
        "ReportState" : true,