{
    "HullFixture" : {
        "DataType" : "Fixture",
        "FixtureShape" : {
            "Type" : "PolygonShape",
            "Vertices" : [
                [
                    -36.449334754189096,
                    11.507767617674334
                ],
                [
                    0,
                    11.507767617674334
                ],
                [
                    36.449334754189096,
                    0
                ],
                [
                    36.449334754189096,
                    -11.507767617674334
                ],
                [
                    -36.449334754189096,
                    -11.507767617674334
                ]
            ]
        },
        "Friction" : 0.1,
        "Density" : 5.0,
        "Restitution" : 0.0,
        "MaskBits" : 1,
        "CategoryBits" : 32
    },
    "Leg0Fixture" : {
        "DataType" : "Fixture",
        "FixtureShape" : {
            "Type" : "PolygonShape",
            "Vertices" : [
                [
                    -5.26122840607762,
                    -15.845890678741622
                ],
                [
                    5.26122840607762,
                    -15.845890678741622
                ],
                [
                    5.26122840607762,
                    15.845890678741622
                ],
                [
                    -5.26122840607762,
                    15.845890678741622
                ]
            ]
        },
        "Friction" : 0.2,
        "Density" : 1.0,
        "Restitution" : 0.0,
        "MaskBits" : 1,
        "CategoryBits" : 32
    },
    "Leg1Fixture" : {
        "DataType" : "Fixture",
        "FixtureShape" : {
            "Type" : "PolygonShape",
            "Vertices" : [
                [
                    -3.113101256606571,
                    -11.094340006546886
                ],
                [
                    3.113101256606571,
                    -11.094340006546886
                ],
                [
                    3.113101256606571,
                    11.094340006546886
                ],
                [
                    -3.113101256606571,
                    11.094340006546886
                ]
            ]
        },
        "Friction" : 0.2,
        "Density" : 1.0,
        "Restitution" : 0.0,
        "MaskBits" : 1,
        "CategoryBits" : 32
    },
    "Lower0Fixture" : {
        "DataType" : "Fixture",
        "FixtureShape" : {
            "Type" : "PolygonShape",
            "Vertices" : [
                [
                    -2.9988076657991463,
                    -18.256160079742912
                ],
                [
                    2.9988076657991463,
                    -18.256160079742912
                ],
                [
                    2.9988076657991463,
                    18.256160079742912
                ],
                [
                    -2.9988076657991463,
                    18.256160079742912
                ]
            ]
        },
        "Friction" : 0.2,
        "Density" : 1.0,
        "Restitution" : 0.0,
        "MaskBits" : 1,
        "CategoryBits" : 32
    },
    "Lower1Fixture" : {
        "DataType" : "Fixture",
        "FixtureShape" : {
            "Type" : "PolygonShape",
            "Vertices" : [
                [
                    -2.818877536308387,
                    -24.022185057166134
                ],
                [
                    2.818877536308387,
                    -24.022185057166134
                ],
                [
                    2.818877536308387,
                    24.022185057166134
                ],
                [
                    -2.818877536308387,
                    24.022185057166134
                ]
            ]
        },
        "Friction" : 0.2,
        "Density" : 1.0,
        "Restitution" : 0.0,
        "MaskBits" : 1,
        "CategoryBits" : 32
    },
    "Hull" : {
        "DataType" : "DynamicBody",
        "Position" : [
            86.4493347541891,
            181.74081774510037
        ],
        "Angle" : 0.0,
        "FixtureNames" : [
            "HullFixture"
        ],
        "Color1" : [
            0.5,
            0.4,
            0.9
        ],
        "Color2" : [
            0.3,
            0.3,
            0.5
        ],
        "CanTouchGround" : false,
        "InitialForceScale" : 5,
        "Depth" : 0,
        "ReportState" : true
    },
    "Leg0" : {
        "DataType" : "DynamicBody",
        "Position" : [
            86.4493347541891,
            165.89492706635875
        ],
        "Angle" : 0.0,
        "FixtureNames" : [
            "Leg0Fixture"
        ],
        "Color1" : [
            0.7,
            0.4,
            0.6
        ],
        "Color2" : [
            0.3,
            0.3,
            0.5
        ],
        "CanTouchGround" : true,
        "ReportState" : true,
        "Depth" : 0
    },
    "Lower0" : {
        "DataType" : "DynamicBody",
        "Position" : [
            86.4493347541891,
            147.63876698661585
        ],
        "Angle" : 0.0,
        "FixtureNames" : [
            "Lower0Fixture"
        ],
        "Color1" : [
            0.7,
            0.4,
            0.6
        ],
        "Color2" : [
            0.3,
            0.3,
            0.5
        ],
        "CanTouchGround" : true,
        "ReportState" : true,
        "Depth" : 0
    },
    "Leg1" : {
        "DataType" : "DynamicBody",
        "Position" : [
            86.4493347541891,
            170.64647773855347
        ],
        "Angle" : 0.05,
        "FixtureNames" : [
            "Leg1Fixture"
        ],
        "Color1" : [
            0.4,
            0.2,
            0.4
        ],
        "Color2" : [
            0.3,
            0.3,
            0.5
        ],
        "CanTouchGround" : true,
        "ReportState" : true,
        "Depth" : 1
    },
    "Lower1" : {
        "DataType" : "DynamicBody",
        "Position" : [
            86.4493347541891,
            146.62429268138735
        ],
        "Angle" : 0.05,
        "FixtureNames" : [
            "Lower1Fixture"
        ],
        "Color1" : [
            0.4,
            0.2,
            0.4
        ],
        "Color2" : [
            0.3,
            0.3,
            0.5
        ],
        "CanTouchGround" : true,
        "ReportState" : true,
        "Depth" : 1
    },
    "HullLeg0Joint" : {
        "DataType" : "JointMotor",
        "BodyA" : "Hull",
        "BodyB" : "Leg0",
        "LocalAnchorA" : [
            0.0,
            -11.507767617674334
        ],
        "LocalAnchorB" : [
            0,
            15.845890678741622
        ],
        "EnableMotor" : true,
        "EnableLimit" : true,
        "MaxMotorTorque" : 80,
        "MotorSpeed" : 1,
        "LowerAngle" : -0.8,
        "UpperAngle" : 1.1,
        "Speed" : 4,
        "ReportState" : true,
        "Depth" : 0
    },
    "Leg0Lower0Joint" : {
        "DataType" : "JointMotor",
        "BodyA" : "Leg0",
        "BodyB" : "Lower0",
        "LocalAnchorA" : [
            0,
            -15.845890678741622
        ],
        "LocalAnchorB" : [
            0,
            18.256160079742912
        ],
        "EnableMotor" : true,
        "EnableLimit" : true,
        "MaxMotorTorque" : 80,
        "MotorSpeed" : 1,
        "LowerAngle" : -1.6,
        "UpperAngle" : -0.1,
        "Speed" : 6,
        "ReportState" : true,
        "Depth" : 0
    },
    "HullLeg1Joint" : {
        "DataType" : "JointMotor",
        "BodyA" : "Hull",
        "BodyB" : "Leg1",
        "LocalAnchorA" : [
            0.0,
            -11.507767617674334
        ],
        "LocalAnchorB" : [
            0,
            11.094340006546886
        ],
        "EnableMotor" : true,
        "EnableLimit" : true,
        "MaxMotorTorque" : 80,
        "MotorSpeed" : 1,
        "LowerAngle" : -0.8,
        "UpperAngle" : 1.1,
        "Speed" : 4,