{
    "Body0Fixture" : {
        "DataType" : "Fixture",
        "FixtureShape" : {
            "Type" : "PolygonShape",
            "Vertices" : [
                [
                    -3.5555555555555554,
                    8.0
                ],
                [
                    3.5555555555555554,
                    8.0
                ],
                [
                    3.5555555555555554,
                    -8.0
                ],
                [
                    -3.5555555555555554,
                    -8.0
                ]
            ]
        },
        "Friction" : 0.1,
        "Density" : 5.0,
        "Restitution" : 0.0,
        "MaskBits" : 1,
        "CategoryBits" : 32
    },
    "Body1Fixture" : {
        "DataType" : "Fixture",
        "FixtureShape" : {
            "Type" : "PolygonShape",
            "Vertices" : [
                [
                    -3.5555555555555554,
                    8.0
                ],
                [
                    3.5555555555555554,
                    8.0
                ],
                [
                    3.5555555555555554,
                    -8.0
                ],
                [
                    -3.5555555555555554,
                    -8.0
                ]
            ]
        },
        "Friction" : 0.1,
        "Density" : 5.0,
        "Restitution" : 0.0,
        "MaskBits" : 1,
        "CategoryBits" : 32
    },
    "Body2Fixture" : {
        "DataType" : "Fixture",
        "FixtureShape" : {
            "Type" : "PolygonShape",
            "Vertices" : [
                [
                    -3.5555555555555554,
                    8.0
                ],
                [
                    3.5555555555555554,
                    8.0
                ],
                [
                    3.5555555555555554,
                    -8.0
                ],
                [
                    -3.5555555555555554,
                    -8.0
                ]
            ]
        },
        "Friction" : 0.1,
        "Density" : 5.0,
        "Restitution" : 0.0,
        "MaskBits" : 1,
        "CategoryBits" : 32
    },
    "Body3Fixture" : {
        "DataType" : "Fixture",
        "FixtureShape" : {
            "Type" : "PolygonShape",
            "Vertices" : [
                [
                    -3.5555555555555554,
                    8.0
                ],
                [
                    3.5555555555555554,
                    8.0
                ],
                [
                    3.5555555555555554,
                    -8.0
                ],
                [
                    -3.5555555555555554,
                    -8.0
                ]
            ]
        },
        "Friction" : 0.1,
        "Density" : 5.0,
        "Restitution" : 0.0,
        "MaskBits" : 1,
        "CategoryBits" : 32
    },
    "HullFixture" : {
        "DataType" : "Fixture",
        "FixtureShape" : {
            "Type" : "PolygonShape",
            "Vertices" : [
                [
                    -3.5555555555555554,
                    8.0
                ],
                [
                    3.5555555555555554,
                    7.111111111111111
                ],
                [
                    3.5555555555555554,
                    -8.0
                ],
                [
                    -3.5555555555555554,
                    -8.0
                ]
            ]
        },
        "Friction" : 0.1,
        "Density" : 5.0,
        "Restitution" : 0.0,
        "MaskBits" : 1,
        "CategoryBits" : 32
    },
    "Body5Fixture" : {
        "DataType" : "Fixture",
        "FixtureShape" : {
            "Type" : "PolygonShape",
            "Vertices" : [
                [
                    -3.5555555555555554,
                    7.111111111111111
                ],
                [
                    3.5555555555555554,
                    6.222222222222222
                ],
                [
                    3.5555555555555554,
                    -8.0
                ],
                [
                    -3.5555555555555554,
                    -8.0
                ]
            ]
        },
        "Friction" : 0.1,
        "Density" : 5.0,
        "Restitution" : 0.0,
        "MaskBits" : 1,
        "CategoryBits" : 32
    },
    "Body6Fixture" : {
        "DataType" : "Fixture",
        "FixtureShape" : {
            "Type" : "PolygonShape",
            "Vertices" : [
                [
                    -3.5555555555555554,
                    6.222222222222222
                ],
                [
                    3.5555555555555554,
                    5.333333333333334
                ],
                [
                    3.5555555555555554,
                    -8.0
                ],
                [
                    -3.5555555555555554,
                    -8.0
                ]
            ]
        },
        "Friction" : 0.1,
        "Density" : 5.0,
        "Restitution" : 0.0,
        "MaskBits" : 1,
        "CategoryBits" : 32
    },
    "Body7Fixture" : {
        "DataType" : "Fixture",
        "FixtureShape" : {
            "Type" : "PolygonShape",
            "Vertices" : [
                [
                    -3.5555555555555554,
                    5.333333333333334
                ],
                [
                    3.5555555555555554,
                    4.444444444444445
                ],
                [
                    3.5555555555555554,
                    -8.0
                ],
                [
                    -3.5555555555555554,
                    -8.0
                ]
            ]
        },
        "Friction" : 0.1,
        "Density" : 5.0,
        "Restitution" : 0.0,
        "MaskBits" : 1,
        "CategoryBits" : 32
    },
    "Body8Fixture" : {
        "DataType" : "Fixture",
        "FixtureShape" : {
            "Type" : "PolygonShape",
            "Vertices" : [
                [
                    -3.5555555555555554,
                    4.444444444444445
                ],
                [
                    3.5555555555555554,
                    3.5555555555555554
                ],
                [
                    3.5555555555555554,
                    -8.0
                ],
                [
                    -3.5555555555555554,
                    -8.0
                ]
            ]
        },
        "Friction" : 0.1,
        "Density" : 5.0,
        "Restitution" : 0.0,
        "MaskBits" : 1,
        "CategoryBits" : 32
    },
    "LegFixture" : {
        "DataType" : "Fixture",
        "FixtureShape" : {
            "Type" : "PolygonShape",
            "Vertices" : [
                [
                    -4.0,
                    -17.0
                ],
                [
                    4.0,
                    -17.0
                ],
                [
                    4.0,
                    17.0
                ],
                [
                    -4.0,
                    17.0
                ]
            ]
        },
        "Friction" : 0.2,
        "Density" : 1.0,
        "Restitution" : 0.0,
        "MaskBits" : 1,
        "CategoryBits" : 32
    },
    "LowerFixture" : {
        "DataType" : "Fixture",
        "FixtureShape" : {
            "Type" : "PolygonShape",
            "Vertices" : [
                [
                    -3.2,
                    -17.0
                ],
                [
                    3.2,
                    -17.0
                ],
                [
                    3.2,
                    17.0
                ],
                [
                    -3.2,
                    17.0
                ]
            ]
        },
        "Friction" : 0.2,
        "Density" : 1.0,
        "Restitution" : 0.0,
        "MaskBits" : 1,
        "CategoryBits" : 32
    },
    "Body0" : {
        "DataType" : "DynamicBody",