{
    "Body0Fixture" : {
        "DataType" : "Fixture",
        "FixtureShape" : {
            "Type" : "PolygonShape",
            "Vertices" : [
                [
                    -6.181725316885134,
                    9.546249514747123
                ],
                [
                    6.181725316885134,
                    9.546249514747123
                ],
                [
                    6.181725316885134,
                    -9.546249514747123
                ],
                [
                    -6.181725316885134,
                    -9.546249514747123
                ]
            ]
        },
        "Friction" : 0.1,
        "Density" : 5.0,
        "Restitution" : 0.0,
        "MaskBits" : 1,
        "CategoryBits" : 32
    },
    "Body1Fixture" : {
        "DataType" : "Fixture",
        "FixtureShape" : {
            "Type" : "PolygonShape",
            "Vertices" : [
                [
                    -6.181725316885134,
                    9.546249514747123
                ],
                [
                    6.181725316885134,
                    9.546249514747123
                ],
                [
                    6.181725316885134,
                    -9.546249514747123
                ],
                [
                    -6.181725316885134,
                    -9.546249514747123
                ]
            ]
        },
        "Friction" : 0.1,
        "Density" : 5.0,
        "Restitution" : 0.0,
        "MaskBits" : 1,
        "CategoryBits" : 32
    },
    "HullFixture" : {
        "DataType" : "Fixture",
        "FixtureShape" : {
            "Type" : "PolygonShape",
            "Vertices" : [
                [
                    -6.181725316885134,
                    9.546249514747123
                ],
                [
                    6.181725316885134,
                    9.546249514747123
                ],
                [
                    6.181725316885134,
                    -9.546249514747123
                ],
                [
                    -6.181725316885134,
                    -9.546249514747123
                ]
            ]
        },
        "Friction" : 0.1,
        "Density" : 5.0,
        "Restitution" : 0.0,
        "MaskBits" : 1,
        "CategoryBits" : 32
    },
    "Body3Fixture" : {
        "DataType" : "Fixture",
        "FixtureShape" : {
            "Type" : "PolygonShape",
            "Vertices" : [
                [
                    -6.181725316885134,
                    9.0
                ],
                [
                    6.181725316885134,
                    7.5
                ],
                [
                    6.181725316885134,
                    -9.546249514747123
                ],
                [
                    -6.181725316885134,
                    -9.546249514747123
                ]
            ]
        },
        "Friction" : 0.1,
        "Density" : 5.0,
        "Restitution" : 0.0,
        "MaskBits" : 1,
        "CategoryBits" : 32
    },
    "Body4Fixture" : {
        "DataType" : "Fixture",
        "FixtureShape" : {
            "Type" : "PolygonShape",
            "Vertices" : [
                [
                    -6.181725316885134,
                    7.5
                ],
                [
                    6.181725316885134,
                    6.0
                ],
                [
                    6.181725316885134,
                    -9.546249514747123
                ],
                [
                    -6.181725316885134,
                    -9.546249514747123
                ]
            ]
        },
        "Friction" : 0.1,
        "Density" : 5.0,
        "Restitution" : 0.0,
        "MaskBits" : 1,
        "CategoryBits" : 32
    },
    "Body5Fixture" : {
        "DataType" : "Fixture",
        "FixtureShape" : {
            "Type" : "PolygonShape",
            "Vertices" : [
                [
                    -6.181725316885134,
                    6.0
                ],
                [
                    6.181725316885134,
                    4.5
                ],
                [
                    6.181725316885134,
                    -9.546249514747123
                ],
                [
                    -6.181725316885134,
                    -9.546249514747123
                ]
            ]
        },
        "Friction" : 0.1,
        "Density" : 5.0,
        "Restitution" : 0.0,
        "MaskBits" : 1,
        "CategoryBits" : 32
    },
    "LegFixture" : {
        "DataType" : "Fixture",
        "FixtureShape" : {
            "Type" : "PolygonShape",
            "Vertices" : [
                [
                    -3.5774705076142284,
                    -15.164244551947599
                ],
                [
                    3.5774705076142284,
                    -15.164244551947599
                ],
                [
                    3.5774705076142284,
                    15.164244551947599
                ],
                [
                    -3.5774705076142284,
                    15.164244551947599
                ]
            ]
        },
        "Friction" : 0.2,
        "Density" : 1.0,
        "Restitution" : 0.0,
        "MaskBits" : 1,
        "CategoryBits" : 32
    },
    "LowerFixture" : {
        "DataType" : "Fixture",
        "FixtureShape" : {
            "Type" : "PolygonShape",
            "Vertices" : [
                [
                    -2.4434573254252623,
                    -20.206362855934692
                ],
                [
                    2.4434573254252623,
                    -20.206362855934692
                ],
                [
                    2.4434573254252623,
                    20.206362855934692
                ],
                [
                    -2.4434573254252623,
                    20.206362855934692
                ]
            ]
        },
        "Friction" : 0.2,
        "Density" : 1.0,
        "Restitution" : 0.0,
        "MaskBits" : 1,
        "CategoryBits" : 32
    },
    "Body0" : {
        "DataType" : "DynamicBody",
        "Position" : [
            56.18172531688514,
            170.74121481576458
        ],
        "Angle" : 0.0,
        "FixtureNames" : [
            "Body0Fixture"
        ],
        "Color1" : [
            0.5,
            0.4,
            0.9
        ],
        "Color2" : [
            0.3,
            0.3,
            0.5
        ],
        "CanTouchGround" : false,
        "InitialForceScale" : 5,
        "ReportState" : false,
        "Depth" : 0
    },
    "Body1" : {
        "DataType" : "DynamicBody",
        "Position" : [
            68.5451759506554,
            170.74121481576458
        ],
        "Angle" : 0.0,
        "FixtureNames" : [
            "Body1Fixture"
        ],
        "Color1" : [
            0.5,
            0.4,
            0.9
        ],
        "Color2" : [
            0.3,
            0.3,
            0.5
        ],
        "CanTouchGround" : false,
        "InitialForceScale" : 5,
        "ReportState" : false,
        "Depth" : 0
    },
    "Hull" : {
        "DataType" : "DynamicBody",
        "Position" : [
            80.90862658442568,
            170.74121481576458
        ],
        "Angle" : 0.0,
        "FixtureNames" : [
            "HullFixture"
        ],
        "Color1" : [
            0.5,
            0.4,
            0.9
        ],
        "Color2" : [
            0.3,
            0.3,
            0.5
        ],
        "CanTouchGround" : false,
        "InitialForceScale" : 5,
        "ReportState" : true,
        "Depth" : 0
    },
    "Body3" : {
        "DataType" : "DynamicBody",
        "Position" : [
            93.27207721819595,
            170.74121481576458
        ],
        "Angle" : 0.0,
        "FixtureNames" : [
            "Body3Fixture"
        ],
        "Color1" : [
            0.5,
            0.4,
            0.9
        ],