{
    "HullFixture" : {
        "DataType" : "Fixture",
        "FixtureShape" : {
            "Type" : "PolygonShape",
            "Vertices" : [
                [
                    -38.39902964410505,
                    9.256190259504955
                ],
                [
                    0,
                    9.256190259504955
                ],
                [
                    38.39902964410505,
                    0
                ],
                [
                    38.39902964410505,
                    -9.256190259504955
                ],
                [
                    -38.39902964410505,
                    -9.256190259504955
                ]
            ]
        },
        "Friction" : 0.1,
        "Density" : 5.0,
        "Restitution" : 0.0,
        "MaskBits" : 1,
        "CategoryBits" : 32
    },
    "LegFixture" : {
        "DataType" : "Fixture",
        "FixtureShape" : {
            "Type" : "PolygonShape",
            "Vertices" : [
                [
                    -3.5009654860385746,
                    -17.39856049508461
                ],
                [
                    3.5009654860385746,
                    -17.39856049508461
                ],
                [
                    3.5009654860385746,
                    17.39856049508461
                ],
                [
                    -3.5009654860385746,
                    17.39856049508461
                ]
            ]
        },
        "Friction" : 0.2,
        "Density" : 1.0,
        "Restitution" : 0.0,
        "MaskBits" : 1,
        "CategoryBits" : 32
    },
    "LowerFixture" : {
        "DataType" : "Fixture",
        "FixtureShape" : {
            "Type" : "PolygonShape",
            "Vertices" : [
                [
                    -2.5123156341304704,
                    -20.048763828097883
                ],
                [
                    2.5123156341304704,
                    -20.048763828097883
                ],
                [
                    2.5123156341304704,
                    20.048763828097883
                ],
                [
                    -2.5123156341304704,
                    20.048763828097883
                ]
            ]
        },
        "Friction" : 0.2,
        "Density" : 1.0,
        "Restitution" : 0.0,
        "MaskBits" : 1,
        "CategoryBits" : 32
    },
    "Hull" : {
        "DataType" : "DynamicBody",
        "Position" : [
            88.39902964410504,
            174.894648646365
        ],
        "Angle" : 0.0,
        "FixtureNames" : [
            "HullFixture"
        ],
        "Color1" : [
            0.5,
            0.4,
            0.9
        ],
        "Color2" : [
            0.3,
            0.3,
            0.5
        ],
        "CanTouchGround" : false,
        "InitialForceScale" : 5,
        "Depth" : 0,
        "ReportState" : true
    },
    "Leg-1" : {
        "DataType" : "DynamicBody",
        "Position" : [
            88.39902964410504,
            157.4960881512804
        ],
        "Angle" : -0.05,
        "FixtureNames" : [
            "LegFixture"
        ],
        "Color1" : [
            0.7,
            0.4,
            0.6
        ],
        "Color2" : [
            0.3,
            0.3,
            0.5
        ],
        "CanTouchGround" : true,
        "ReportState" : true,
        "Depth" : 0
    },
    "Lower-1" : {
        "DataType" : "DynamicBody",
        "Position" : [
            88.39902964410504,
            137.4473243231825
        ],
        "Angle" : -0.05,
        "FixtureNames" : [
            "LowerFixture"
        ],
        "Color1" : [
            0.7,
            0.4,
            0.6
        ],
        "Color2" : [
            0.3,
            0.3,
            0.5
        ],
        "CanTouchGround" : true,
        "ReportState" : true,
        "Depth" : 0
    },
    "Leg1" : {
        "DataType" : "DynamicBody",
        "Position" : [
            88.39902964410504,
            157.4960881512804
        ],
        "Angle" : 0.05,
        "FixtureNames" : [
            "LegFixture"
        ],
        "Color1" : [
            0.4,
            0.2,
            0.4
        ],
        "Color2" : [
            0.3,
            0.3,
            0.5
        ],
        "CanTouchGround" : true,
        "ReportState" : true,
        "Depth" : 1
    },
    "Lower1" : {
        "DataType" : "DynamicBody",
        "Position" : [
            88.39902964410504,
            137.4473243231825
        ],
        "Angle" : 0.05,
        "FixtureNames" : [
            "LowerFixture"
        ],
        "Color1" : [
            0.4,
            0.2,
            0.4
        ],
        "Color2" : [
            0.3,
            0.3,
            0.5
        ],
        "CanTouchGround" : true,
        "ReportState" : true,
        "Depth" : 1
    },
    "HullLeg-1Joint" : {
        "DataType" : "JointMotor",
        "BodyA" : "Hull",
        "BodyB" : "Leg-1",
        "LocalAnchorA" : [
            0,
            -9.256190259504955
        ],
        "LocalAnchorB" : [
            0,
            17.39856049508461
        ],
        "EnableMotor" : true,
        "EnableLimit" : true,
        "MaxMotorTorque" : 80,
        "MotorSpeed" : 1,
        "LowerAngle" : -0.8,
        "UpperAngle" : 1.1,
        "Speed" : 4,
        "ReportState" : true,
        "Depth" : 0
    },
    "Leg-1Lower-1Joint" : {
        "DataType" : "JointMotor",
        "BodyA" : "Leg-1",
        "BodyB" : "Lower-1",
        "LocalAnchorA" : [
            0,
            -17.39856049508461
        ],
        "LocalAnchorB" : [
            0,
            20.048763828097883
        ],
        "EnableMotor" : true,
        "EnableLimit" : true,
        "MaxMotorTorque" : 80,
        "MotorSpeed" : 1,
        "LowerAngle" : -1.6,
        "UpperAngle" : -0.1,
        "Speed" : 6,
        "ReportState" : true,
        "Depth" : 0
    },
    "HullLeg1Joint" : {
        "DataType" : "JointMotor",
        "BodyA" : "Hull",
        "BodyB" : "Leg1",
        "LocalAnchorA" : [
            0,
            -9.256190259504955
        ],
        "LocalAnchorB" : [
            0,
            17.39856049508461
        ],
        "EnableMotor" : true,
        "EnableLimit" : true,
        "MaxMotorTorque" : 80,
        "MotorSpeed" : 1,
        "LowerAngle" : -0.8,
        "UpperAngle" : 1.1,
        "Speed" : 4,
        "ReportState" : true,
        "Depth" : 1
    },
    "Leg1Lower1Joint" : {
        "DataType" : "JointMotor",
        "BodyA" : "Leg1",
        "BodyB" : "Lower1",
        "LocalAnchorA" : [
            0,
            -17.39856049508461
        ],
        "LocalAnchorB" : [
            0,
            20.048763828097883
        ],
        "EnableMotor" : true,
        "EnableLimit" : true,
        "MaxMotorTorque" : 80,
        "MotorSpeed" : 1,
        "LowerAngle" : -1.6,
        "UpperAngle" : -0.1,
        "Speed" : 6,
        "ReportState" : true,
        "Depth" : 1
    }
}