{
    "Body0Fixture" : {
        "DataType" : "Fixture",
        "FixtureShape" : {
            "Type" : "PolygonShape",
            "Vertices" : [
                [
                    -5.333333333333333,
                    8.0
                ],
                [
                    5.333333333333333,
                    8.0
                ],
                [
                    5.333333333333333,
                    -8.0
                ],
                [
                    -5.333333333333333,
                    -8.0
                ]
            ]
        },
        "Friction" : 0.1,
        "Density" : 5.0,
        "Restitution" : 0.0,
        "MaskBits" : 1,
        "CategoryBits" : 32
    },
    "Body1Fixture" : {
        "DataType" : "Fixture",
        "FixtureShape" : {
            "Type" : "PolygonShape",
            "Vertices" : [
                [
                    -5.333333333333333,
                    8.0
                ],
                [
                    5.333333333333333,
                    8.0
                ],
                [
                    5.333333333333333,
                    -8.0
                ],
                [
                    -5.333333333333333,
                    -8.0
                ]
            ]
        },
        "Friction" : 0.1,
        "Density" : 5.0,
        "Restitution" : 0.0,
        "MaskBits" : 1,
        "CategoryBits" : 32
    },
    "HullFixture" : {
        "DataType" : "Fixture",
        "FixtureShape" : {
            "Type" : "PolygonShape",
            "Vertices" : [
                [
                    -5.333333333333333,
                    8.0
                ],
                [
                    5.333333333333333,
                    8.0
                ],
                [
                    5.333333333333333,
                    -8.0
                ],
                [
                    -5.333333333333333,
                    -8.0
                ]
            ]
        },
        "Friction" : 0.1,
        "Density" : 5.0,
        "Restitution" : 0.0,
        "MaskBits" : 1,
        "CategoryBits" : 32
    },
    "Body3Fixture" : {
        "DataType" : "Fixture",
        "FixtureShape" : {
            "Type" : "PolygonShape",
            "Vertices" : [
                [
                    -5.333333333333333,
                    8.0
                ],
                [
                    5.333333333333333,
                    6.666666666666667
                ],
                [
                    5.333333333333333,
                    -8.0
                ],
                [
                    -5.333333333333333,
                    -8.0
                ]
            ]
        },
        "Friction" : 0.1,
        "Density" : 5.0,
        "Restitution" : 0.0,
        "MaskBits" : 1,
        "CategoryBits" : 32
    },
    "Body4Fixture" : {
        "DataType" : "Fixture",
        "FixtureShape" : {
            "Type" : "PolygonShape",
            "Vertices" : [
                [
                    -5.333333333333333,
                    6.666666666666667
                ],
                [
                    5.333333333333333,
                    5.333333333333334
                ],
                [
                    5.333333333333333,
                    -8.0
                ],
                [
                    -5.333333333333333,
                    -8.0
                ]
            ]
        },
        "Friction" : 0.1,
        "Density" : 5.0,
        "Restitution" : 0.0,
        "MaskBits" : 1,
        "CategoryBits" : 32
    },
    "Body5Fixture" : {
        "DataType" : "Fixture",
        "FixtureShape" : {
            "Type" : "PolygonShape",
            "Vertices" : [
                [
                    -5.333333333333333,
                    5.333333333333334
                ],
                [
                    5.333333333333333,
                    4.0
                ],
                [
                    5.333333333333333,
                    -8.0
                ],
                [
                    -5.333333333333333,
                    -8.0
                ]
            ]
        },
        "Friction" : 0.1,
        "Density" : 5.0,
        "Restitution" : 0.0,
        "MaskBits" : 1,
        "CategoryBits" : 32
    },
    "Leg0Fixture" : {
        "DataType" : "Fixture",
        "FixtureShape" : {
            "Type" : "PolygonShape",
            "Vertices" : [
                [
                    -4.0,
                    -17.0
                ],
                [
                    4.0,
                    -17.0
                ],
                [
                    4.0,
                    17.0
                ],
                [
                    -4.0,
                    17.0
                ]
            ]
        },
        "Friction" : 0.2,
        "Density" : 1.0,
        "Restitution" : 0.0,
        "MaskBits" : 1,
        "CategoryBits" : 32
    },
    "Leg1Fixture" : {
        "DataType" : "Fixture",
        "FixtureShape" : {
            "Type" : "PolygonShape",
            "Vertices" : [
                [
                    -4.0,
                    -17.0
                ],
                [
                    4.0,
                    -17.0
                ],
                [
                    4.0,
                    17.0
                ],
                [
                    -4.0,
                    17.0
                ]
            ]
        },
        "Friction" : 0.2,
        "Density" : 1.0,
        "Restitution" : 0.0,
        "MaskBits" : 1,
        "CategoryBits" : 32
    },
    "Lower0Fixture" : {
        "DataType" : "Fixture",
        "FixtureShape" : {
            "Type" : "PolygonShape",
            "Vertices" : [
                [
                    -3.2,
                    -17.0
                ],
                [
                    3.2,
                    -17.0
                ],
                [
                    3.2,
                    17.0
                ],
                [
                    -3.2,
                    17.0
                ]
            ]
        },
        "Friction" : 0.2,
        "Density" : 1.0,
        "Restitution" : 0.0,
        "MaskBits" : 1,
        "CategoryBits" : 32
    },
    "Lower1Fixture" : {
        "DataType" : "Fixture",
        "FixtureShape" : {
            "Type" : "PolygonShape",
            "Vertices" : [
                [
                    -3.2,
                    -17.0
                ],
                [
                    3.2,
                    -17.0
                ],
                [
                    3.2,
                    17.0
                ],
                [
                    -3.2,
                    17.0
                ]
            ]
        },
        "Friction" : 0.2,
        "Density" : 1.0,
        "Restitution" : 0.0,
        "MaskBits" : 1,
        "CategoryBits" : 32
    },
    "Body0" : {
        "DataType" : "DynamicBody",
        "Position" : [
            55.333333333333336,
            176.0
        ],
        "Angle" : 0.0,
        "FixtureNames" : [
            "Body0Fixture"
        ],
        "Color1" : [
            0.5,
            0.4,
            0.9
        ],
        "Color2" : [
            0.3,
            0.3,
            0.5
        ],
        "CanTouchGround" : false,
        "InitialForceScale" : 5,
        "ReportState" : false,
        "Depth" : 0
    },
    "Body1" : {
        "DataType" : "DynamicBody",
        "Position" : [
            66.0,
            176.0
        ],
        "Angle" : 0.0,
        "FixtureNames" : [
            "Body1Fixture"
        ],
        "Color1" : [
            0.5,
            0.4,
            0.9
        ],
        "Color2" : [
            0.3,
            0.3,
            0.5
        ],
        "CanTouchGround" : false,
        "InitialForceScale" : 5,
        "ReportState" : false,
        "Depth" : 0
    },