{
    "HullFixture" : {
        "DataType" : "Fixture",
        "FixtureShape" : {
            "Type" : "PolygonShape",
            "Vertices" : [
                [
                    -32.91282351132888,
                    11.434863786736095
                ],
                [
                    0,
                    11.434863786736095
                ],
                [
                    32.91282351132888,
                    0
                ],
                [
                    32.91282351132888,
                    -11.434863786736095
                ],
                [
                    -32.91282351132888,
                    -11.434863786736095
                ]
            ]
        },
        "Friction" : 0.1,
        "Density" : 5.0,
        "Restitution" : 0.0,
        "MaskBits" : 1,
        "CategoryBits" : 32
    },
    "Leg0Fixture" : {
        "DataType" : "Fixture",
        "FixtureShape" : {
            "Type" : "PolygonShape",
            "Vertices" : [
                [
                    -5.474561989766143,
                    -9.278294668823449
                ],
                [
                    5.474561989766143,
                    -9.278294668823449
                ],
                [
                    5.474561989766143,
                    9.278294668823449
                ],
                [
                    -5.474561989766143,
                    9.278294668823449
                ]
            ]
        },
        "Friction" : 0.2,
        "Density" : 1.0,
        "Restitution" : 0.0,
        "MaskBits" : 1,
        "CategoryBits" : 32
    },
    "Leg1Fixture" : {
        "DataType" : "Fixture",
        "FixtureShape" : {
            "Type" : "PolygonShape",
            "Vertices" : [
                [
                    -2.9553567650935375,
                    -14.846836375785713
                ],
                [
                    2.9553567650935375,
                    -14.846836375785713
                ],
                [
                    2.9553567650935375,
                    14.846836375785713
                ],
                [
                    -2.9553567650935375,
                    14.846836375785713
                ]
            ]
        },
        "Friction" : 0.2,
        "Density" : 1.0,
        "Restitution" : 0.0,
        "MaskBits" : 1,
        "CategoryBits" : 32
    },
    "Lower0Fixture" : {
        "DataType" : "Fixture",
        "FixtureShape" : {
            "Type" : "PolygonShape",
            "Vertices" : [
                [
                    -3.8981391049529472,
                    -23.33572772228156
                ],
                [
                    3.8981391049529472,
                    -23.33572772228156
                ],
                [
                    3.8981391049529472,
                    23.33572772228156
                ],
                [
                    -3.8981391049529472,
                    23.33572772228156
                ]
            ]
        },
        "Friction" : 0.2,
        "Density" : 1.0,
        "Restitution" : 0.0,
        "MaskBits" : 1,
        "CategoryBits" : 32
    },
    "Lower1Fixture" : {
        "DataType" : "Fixture",
        "FixtureShape" : {
            "Type" : "PolygonShape",
            "Vertices" : [
                [
                    -3.065867060723795,
                    -22.633455557806336
                ],
                [
                    3.065867060723795,
                    -22.633455557806336
                ],
                [
                    3.065867060723795,
                    22.633455557806336
                ],
                [
                    -3.065867060723795,
                    22.633455557806336
                ]
            ]
        },
        "Friction" : 0.2,
        "Density" : 1.0,
        "Restitution" : 0.0,
        "MaskBits" : 1,
        "CategoryBits" : 32
    },
    "Hull" : {
        "DataType" : "DynamicBody",
        "Position" : [
            82.91282351132888,
            186.3954476539202
        ],
        "Angle" : 0.0,
        "FixtureNames" : [
            "HullFixture"
        ],
        "Color1" : [
            0.5,
            0.4,
            0.9
        ],
        "Color2" : [
            0.3,
            0.3,
            0.5
        ],
        "CanTouchGround" : false,
        "InitialForceScale" : 5,
        "Depth" : 0,
        "ReportState" : true
    },
    "Leg0" : {
        "DataType" : "DynamicBody",
        "Position" : [
            82.91282351132888,
            177.11715298509677
        ],
        "Angle" : 0.0,
        "FixtureNames" : [
            "Leg0Fixture"
        ],
        "Color1" : [
            0.7,
            0.4,
            0.6
        ],
        "Color2" : [
            0.3,
            0.3,
            0.5
        ],
        "CanTouchGround" : true,
        "ReportState" : true,
        "Depth" : 0
    },
    "Lower0" : {
        "DataType" : "DynamicBody",
        "Position" : [
            82.91282351132888,
            153.78142526281522
        ],
        "Angle" : 0.0,
        "FixtureNames" : [
            "Lower0Fixture"
        ],
        "Color1" : [
            0.7,
            0.4,
            0.6
        ],
        "Color2" : [
            0.3,
            0.3,
            0.5
        ],
        "CanTouchGround" : true,
        "ReportState" : true,
        "Depth" : 0
    },
    "Leg1" : {
        "DataType" : "DynamicBody",
        "Position" : [
            82.91282351132888,
            171.5486112781345
        ],
        "Angle" : 0.05,
        "FixtureNames" : [
            "Leg1Fixture"
        ],
        "Color1" : [
            0.4,
            0.2,
            0.4
        ],
        "Color2" : [
            0.3,
            0.3,
            0.5
        ],
        "CanTouchGround" : true,
        "ReportState" : true,
        "Depth" : 1
    },
    "Lower1" : {
        "DataType" : "DynamicBody",
        "Position" : [
            82.91282351132888,
            148.91515572032816
        ],
        "Angle" : 0.05,
        "FixtureNames" : [
            "Lower1Fixture"
        ],
        "Color1" : [
            0.4,
            0.2,
            0.4
        ],
        "Color2" : [
            0.3,
            0.3,
            0.5
        ],
        "CanTouchGround" : true,
        "ReportState" : true,
        "Depth" : 1
    },
    "HullLeg0Joint" : {
        "DataType" : "JointMotor",
        "BodyA" : "Hull",
        "BodyB" : "Leg0",
        "LocalAnchorA" : [
            0.0,
            -11.434863786736095
        ],
        "LocalAnchorB" : [
            0,
            9.278294668823449
        ],
        "EnableMotor" : true,
        "EnableLimit" : true,
        "MaxMotorTorque" : 80,
        "MotorSpeed" : 1,
        "LowerAngle" : -0.8,
        "UpperAngle" : 1.1,
        "Speed" : 4,
        "ReportState" : true,
        "Depth" : 0
    },
    "Leg0Lower0Joint" : {
        "DataType" : "JointMotor",
        "BodyA" : "Leg0",
        "BodyB" : "Lower0",
        "LocalAnchorA" : [
            0,
            -9.278294668823449
        ],
        "LocalAnchorB" : [
            0,
            23.33572772228156
        ],
        "EnableMotor" : true,
        "EnableLimit" : true,
        "MaxMotorTorque" : 80,
        "MotorSpeed" : 1,
        "LowerAngle" : -1.6,
        "UpperAngle" : -0.1,
        "Speed" : 6,
        "ReportState" : true,
        "Depth" : 0
    },
    "HullLeg1Joint" : {
        "DataType" : "JointMotor",
        "BodyA" : "Hull",
        "BodyB" : "Leg1",
        "LocalAnchorA" : [
            0.0,
            -11.434863786736095
        ],
        "LocalAnchorB" : [
            0,
            14.846836375785713
        ],
        "EnableMotor" : true,
        "EnableLimit" : true,
        "MaxMotorTorque" : 80,
        "MotorSpeed" : 1,
        "LowerAngle" : -0.8,
        "UpperAngle" : 1.1,
        "Speed" : 4,