{
    "HullFixture" : {
        "DataType" : "Fixture",
        "FixtureShape" : {
            "Type" : "PolygonShape",
            "Vertices" : [
                [
                    -34.69944413540751,
                    6.4126104823896615
                ],
                [
                    0,
                    6.4126104823896615
                ],
                [
                    34.69944413540751,
                    0
                ],
                [
                    34.69944413540751,
                    -6.4126104823896615
                ],
                [
                    -34.69944413540751,
                    -6.4126104823896615
                ]
            ]
        },
        "Friction" : 0.1,
        "Density" : 5.0,
        "Restitution" : 0.0,
        "MaskBits" : 1,
        "CategoryBits" : 32
    },
    "Leg0Fixture" : {
        "DataType" : "Fixture",
        "FixtureShape" : {
            "Type" : "PolygonShape",
            "Vertices" : [
                [
                    -4.560337628910023,
                    -13.6401703196248
                ],
                [
                    4.560337628910023,
                    -13.6401703196248
                ],
                [
                    4.560337628910023,
                    13.6401703196248
                ],
                [
                    -4.560337628910023,
                    13.6401703196248
                ]
            ]
        },
        "Friction" : 0.2,
        "Density" : 1.0,
        "Restitution" : 0.0,
        "MaskBits" : 1,
        "CategoryBits" : 32
    },
    "Leg1Fixture" : {
        "DataType" : "Fixture",
        "FixtureShape" : {
            "Type" : "PolygonShape",
            "Vertices" : [
                [
                    -3.50634673744973,
                    -20.07952347091714
                ],
                [
                    3.50634673744973,
                    -20.07952347091714
                ],
                [
                    3.50634673744973,
                    20.07952347091714
                ],
                [
                    -3.50634673744973,
                    20.07952347091714
                ]
            ]
        },
        "Friction" : 0.2,
        "Density" : 1.0,
        "Restitution" : 0.0,
        "MaskBits" : 1,
        "CategoryBits" : 32
    },
    "Lower0Fixture" : {
        "DataType" : "Fixture",
        "FixtureShape" : {
            "Type" : "PolygonShape",
            "Vertices" : [
                [
                    -3.6224320961609724,
                    -21.217916539870828
                ],
                [
                    3.6224320961609724,
                    -21.217916539870828
                ],
                [
                    3.6224320961609724,
                    21.217916539870828
                ],
                [
                    -3.6224320961609724,
                    21.217916539870828
                ]
            ]
        },
        "Friction" : 0.2,
        "Density" : 1.0,
        "Restitution" : 0.0,
        "MaskBits" : 1,
        "CategoryBits" : 32
    },
    "Lower1Fixture" : {
        "DataType" : "Fixture",
        "FixtureShape" : {
            "Type" : "PolygonShape",
            "Vertices" : [
                [
                    -3.513091256276759,
                    -12.790199097715195
                ],
                [
                    3.513091256276759,
                    -12.790199097715195
                ],
                [
                    3.513091256276759,
                    12.790199097715195
                ],
                [
                    -3.513091256276759,
                    12.790199097715195
                ]
            ]
        },
        "Friction" : 0.2,
        "Density" : 1.0,
        "Restitution" : 0.0,
        "MaskBits" : 1,
        "CategoryBits" : 32
    },
    "Hull" : {
        "DataType" : "DynamicBody",
        "Position" : [
            84.6994441354075,
            176.12878420138094
        ],
        "Angle" : 0.0,
        "FixtureNames" : [
            "HullFixture"
        ],
        "Color1" : [
            0.5,
            0.4,
            0.9
        ],
        "Color2" : [
            0.3,
            0.3,
            0.5
        ],
        "CanTouchGround" : false,
        "InitialForceScale" : 5,
        "Depth" : 0,
        "ReportState" : true
    },
    "Leg0" : {
        "DataType" : "DynamicBody",
        "Position" : [
            84.6994441354075,
            162.48861388175612
        ],
        "Angle" : 0.0,
        "FixtureNames" : [
            "Leg0Fixture"
        ],
        "Color1" : [
            0.7,
            0.4,
            0.6
        ],
        "Color2" : [
            0.3,
            0.3,
            0.5
        ],
        "CanTouchGround" : true,
        "ReportState" : true,
        "Depth" : 0
    },
    "Lower0" : {
        "DataType" : "DynamicBody",
        "Position" : [
            84.6994441354075,
            141.2706973418853
        ],
        "Angle" : 0.0,
        "FixtureNames" : [
            "Lower0Fixture"
        ],
        "Color1" : [
            0.7,
            0.4,
            0.6
        ],
        "Color2" : [
            0.3,
            0.3,
            0.5
        ],
        "CanTouchGround" : true,
        "ReportState" : true,
        "Depth" : 0
    },
    "Leg1" : {
        "DataType" : "DynamicBody",
        "Position" : [
            84.6994441354075,
            156.0492607304638
        ],
        "Angle" : 0.05,
        "FixtureNames" : [
            "Leg1Fixture"
        ],
        "Color1" : [
            0.4,
            0.2,
            0.4
        ],
        "Color2" : [
            0.3,
            0.3,
            0.5
        ],
        "CanTouchGround" : true,
        "ReportState" : true,
        "Depth" : 1
    },
    "Lower1" : {
        "DataType" : "DynamicBody",
        "Position" : [
            84.6994441354075,
            143.2590616327486
        ],
        "Angle" : 0.05,
        "FixtureNames" : [
            "Lower1Fixture"
        ],
        "Color1" : [
            0.4,
            0.2,
            0.4
        ],
        "Color2" : [
            0.3,
            0.3,
            0.5
        ],
        "CanTouchGround" : true,
        "ReportState" : true,
        "Depth" : 1
    },
    "HullLeg0Joint" : {
        "DataType" : "JointMotor",
        "BodyA" : "Hull",
        "BodyB" : "Leg0",
        "LocalAnchorA" : [
            0.0,
            -6.4126104823896615
        ],
        "LocalAnchorB" : [
            0,
            13.6401703196248
        ],
        "EnableMotor" : true,
        "EnableLimit" : true,
        "MaxMotorTorque" : 80,
        "MotorSpeed" : 1,
        "LowerAngle" : -0.8,
        "UpperAngle" : 1.1,
        "Speed" : 4,
        "ReportState" : true,
        "Depth" : 0
    },
    "Leg0Lower0Joint" : {
        "DataType" : "JointMotor",
        "BodyA" : "Leg0",
        "BodyB" : "Lower0",
        "LocalAnchorA" : [
            0,
            -13.6401703196248
        ],
        "LocalAnchorB" : [
            0,
            21.217916539870828
        ],
        "EnableMotor" : true,
        "EnableLimit" : true,
        "MaxMotorTorque" : 80,
        "MotorSpeed" : 1,
        "LowerAngle" : -1.6,
        "UpperAngle" : -0.1,
        "Speed" : 6,
        "ReportState" : true,
        "Depth" : 0
    },
    "HullLeg1Joint" : {
        "DataType" : "JointMotor",
        "BodyA" : "Hull",
        "BodyB" : "Leg1",
        "LocalAnchorA" : [
            0.0,
            -6.4126104823896615
        ],
        "LocalAnchorB" : [
            0,
            20.07952347091714
        ],
        "EnableMotor" : true,
        "EnableLimit" : true,
        "MaxMotorTorque" : 80,
        "MotorSpeed" : 1,
        "LowerAngle" : -0.8,
        "UpperAngle" : 1.1,
        "Speed" : 4,
        "ReportState" : true,